{
	"credit": "Made with Blockbench",
	"texture_size": [64, 64],
	"textures": {
		"9": "template"
	},
	"elements": [
		{
			"name": "neck",
			"from": [6.675, 2.45, 1.25],
			"to": [9.25, 3.1, 22.5],
			"rotation": {"angle": 0, "axis": "y", "origin": [8, 1.2, 4]},
			"faces": {
				"north": {"uv": [7.625, 10.5, 7.375, 5], "texture": "#9"},
				"east": {"uv": [12.9375, 13.375, 12.75, 6.8125], "texture": "#9"},
				"south": {"uv": [7.875, 10.625, 7.625, 5.125], "texture": "#9"},
				"west": {"uv": [14.125, 13.375, 13.9375, 6.8125], "texture": "#9"},
				"up": {"uv": [13.875, 6.75, 13, 13.4375], "texture": "#9"},
				"down": {"uv": [13.875, 6.75, 13, 13.4375], "texture": "#9"}
			}
		},
		{
			"from": [2.2, 0.5, -5.05],
			"to": [13.75, 3, -3.275],
			"shade": false,
			"rotation": {"angle": 0, "axis": "y", "origin": [0, 1, -9]},
			"faces": {
				"north": {"uv": [7.625, 4, 7.125, 3.5], "texture": "#9", "cullface": "up"},
				"east": {"uv": [9.4375, 2.3125, 10.25, 7.13393], "texture": "#9", "cullface": "up"},
				"south": {"uv": [7.375, 4.125, 7.875, 3.625], "texture": "#9", "cullface": "up"},
				"west": {"uv": [10.25, 3.11607, 9.4375, 7.9375], "texture": "#9", "cullface": "up"},
				"up": {"uv": [15.16964, 3.73897, 11.3125, 3.03309], "rotation": 180, "texture": "#9", "cullface": "up"},
				"down": {"uv": [15.25, 3.73897, 11.39286, 3.03309], "texture": "#9", "cullface": "up"}
			}
		},
		{
			"from": [1.95, 0.5, -7.5],
			"to": [14.075, 3, -4.95],
			"shade": false,
			"rotation": {"angle": 0, "axis": "y", "origin": [0, 1, -9]},
			"faces": {
				"north": {"uv": [7.625, 3.5, 7.125, 2.75], "texture": "#9", "cullface": "up"},
				"east": {"uv": [9.4375, 2.3125, 10.25, 7.13393], "texture": "#9", "cullface": "up"},
				"south": {"uv": [7.375, 3.625, 7.875, 2.875], "texture": "#9", "cullface": "up"},
				"west": {"uv": [10.25, 3.11607, 9.4375, 7.9375], "texture": "#9", "cullface": "up"},
				"up": {"uv": [15.24464, 3.07059, 11.3125, 2.38676], "rotation": 180, "texture": "#9", "cullface": "up"},
				"down": {"uv": [15.25, 3.03309, 11.39286, 1.97426], "texture": "#9", "cullface": "up"}
			}
		},
		{
			"from": [2.25, 0.5, -0.725],
			"to": [13.5, 3, 0.225],
			"rotation": {"angle": 0, "axis": "y", "origin": [0, 1, -5]},
			"faces": {
				"north": {"uv": [7.625, 4.75, 7.125, 4.5], "texture": "#9", "cullface": "up"},
				"east": {"uv": [9.4375, 2.3125, 10.25, 7.13393], "texture": "#9", "cullface": "up"},
				"south": {"uv": [7.375, 4.875, 7.875, 4.625], "texture": "#9", "cullface": "up"},
				"west": {"uv": [10.25, 3.11607, 9.4375, 7.9375], "texture": "#9", "cullface": "up"},
				"up": {"uv": [15.16964, 4.79779, 11.3125, 4.44485], "rotation": 180, "texture": "#9", "cullface": "up"},
				"down": {"uv": [15.25, 4.79779, 11.39286, 4.44485], "texture": "#9", "cullface": "up"}
			}
		},
		{
			"from": [2.5, 0.5, -3.3],
			"to": [13.25, 3, -0.725],
			"rotation": {"angle": 0, "axis": "y", "origin": [0, 1, -7.025]},
			"faces": {
				"north": {"uv": [7.625, 4.5, 7.125, 4], "texture": "#9", "cullface": "up"},
				"east": {"uv": [9.4375, 2.71429, 10.25, 6.73214], "texture": "#9", "cullface": "up"},
				"south": {"uv": [7.375, 4.625, 7.875, 4.125], "texture": "#9", "cullface": "up"},
				"west": {"uv": [10.25, 3.51786, 9.4375, 7.53571], "texture": "#9", "cullface": "up"},
				"up": {"uv": [14.84821, 4.44485, 11.63393, 3.73897], "rotation": 180, "texture": "#9", "cullface": "up"},
				"down": {"uv": [14.92857, 4.44485, 11.71429, 3.73897], "texture": "#9", "cullface": "up"}
			}
		},
		{
			"from": [3.75, 0.5, 0.225],
			"to": [13.825, 3, 1.7],
			"rotation": {"angle": 0, "axis": "y", "origin": [0, 1, -0.75]},
			"faces": {
				"north": {"uv": [7.625, 5.25, 7.125, 4.75], "texture": "#9", "cullface": "up"},
				"east": {"uv": [9.4375, 3.11607, 10.25, 7.13393], "texture": "#9", "cullface": "up"},
				"south": {"uv": [7.375, 5.375, 7.875, 4.875], "texture": "#9", "cullface": "up"},
				"west": {"uv": [10.25, 3.91964, 9.4375, 7.9375], "texture": "#9", "cullface": "up"},
				"up": {"uv": [15.16964, 5.50368, 11.95536, 4.79779], "rotation": 180, "texture": "#9", "cullface": "up"},
				"down": {"uv": [15.25, 5.50368, 12.03571, 4.79779], "texture": "#9", "cullface": "up"}
			}
		},
		{
			"from": [6.45, 0.5, 1.7],
			"to": [14.025, 3, 3.125],
			"rotation": {"angle": 0, "axis": "y", "origin": [0, 1, 1.45]},
			"faces": {
				"north": {"uv": [7.625, 5.5, 7.125, 5.25], "texture": "#9", "cullface": "up"},
				"east": {"uv": [9.4375, 3.91964, 10.25, 7.13393], "texture": "#9", "cullface": "up"},
				"south": {"uv": [7.375, 5.625, 7.875, 5.375], "texture": "#9", "cullface": "up"},
				"west": {"uv": [10.25, 4.72321, 9.4375, 7.9375], "texture": "#9", "cullface": "up"},
				"up": {"uv": [15.16964, 5.85662, 12.59821, 5.50368], "rotation": 180, "texture": "#9", "cullface": "up"},
				"down": {"uv": [15.25, 5.85662, 12.67857, 5.50368], "texture": "#9", "cullface": "up"}
			}
		},
		{
			"from": [6.6, 0.5, 3.125],
			"to": [13.625, 3, 3.95],
			"rotation": {"angle": 0, "axis": "y", "origin": [0, 1, 2.2]},
			"faces": {
				"north": {"uv": [7.625, 5.75, 7.125, 5.5], "texture": "#9", "cullface": "up"},
				"east": {"uv": [9.4375, 4.32143, 10.25, 7.13393], "texture": "#9", "cullface": "up"},
				"south": {"uv": [7.375, 5.875, 7.875, 5.625], "texture": "#9", "cullface": "up"},
				"west": {"uv": [10.25, 5.125, 9.4375, 7.9375], "texture": "#9", "cullface": "up"},
				"up": {"uv": [15.16964, 6.20956, 12.91964, 5.85662], "rotation": 180, "texture": "#9", "cullface": "up"},
				"down": {"uv": [15.25, 6.20956, 13, 5.85662], "texture": "#9", "cullface": "up"}
			}
		},
		{
			"from": [6.65, 0.5, 3.95],
			"to": [12.95, 3, 4.55],
			"rotation": {"angle": 0, "axis": "y", "origin": [0, 1, 2.2]},
			"faces": {
				"north": {"uv": [7.625, 6, 7.125, 5.75], "texture": "#9", "cullface": "up"},
				"east": {"uv": [9.4375, 4.32143, 10.25, 6.73214], "texture": "#9", "cullface": "up"},
				"south": {"uv": [7.375, 6.125, 7.875, 5.875], "texture": "#9", "cullface": "up"},
				"west": {"uv": [10.25, 5.125, 9.4375, 7.53571], "texture": "#9", "cullface": "up"},
				"up": {"uv": [14.84821, 6.5625, 12.91964, 6.20956], "rotation": 180, "texture": "#9", "cullface": "up"},
				"down": {"uv": [14.92857, 6.5625, 13, 6.20956], "texture": "#9", "cullface": "up"}
			}
		},
		{
			"from": [1.75, 0.5, 0.25],
			"to": [3.75, 3, 2.55],
			"rotation": {"angle": 0, "axis": "y", "origin": [0, 1, -0.75]},
			"faces": {
				"north": {"uv": [7.625, 5.5, 7.125, 4.75], "texture": "#9", "cullface": "up"},
				"east": {"uv": [10.1875, 4.3125, 9.6875, 3.8125], "texture": "#9", "cullface": "up"},
				"south": {"uv": [7.875, 5.625, 7.375, 4.875], "texture": "#9", "cullface": "up"},
				"west": {"uv": [10.1875, 4.8125, 9.6875, 4.3125], "texture": "#9", "cullface": "up"},
				"up": {"uv": [11.95536, 5.85662, 11.3125, 4.79779], "rotation": 180, "texture": "#9", "cullface": "up"},
				"down": {"uv": [12.03571, 5.85662, 11.39286, 4.79779], "texture": "#9", "cullface": "up"}
			}
		},
		{
			"from": [1.725, 0.5, 2.475],
			"to": [3.225, 3, 2.975],
			"rotation": {"angle": 0, "axis": "y", "origin": [0, 1, 3]},
			"faces": {
				"north": {"uv": [7.625, 5.5, 7.125, 5.25], "texture": "#9", "cullface": "up"},
				"east": {"uv": [10.1875, 4.0625, 9.6875, 3.8125], "texture": "#9", "cullface": "up"},
				"south": {"uv": [7.875, 5.625, 7.375, 5.375], "texture": "#9", "cullface": "up"},
				"west": {"uv": [10.1875, 4.5625, 9.6875, 4.3125], "texture": "#9", "cullface": "up"},
				"up": {"uv": [11.63393, 5.85662, 11.3125, 5.50368], "rotation": 180, "texture": "#9", "cullface": "up"},
				"down": {"uv": [11.71429, 5.85662, 11.39286, 5.50368], "texture": "#9", "cullface": "up"}
			}
		},
		{
			"from": [3.75, 0.5, 1.725],
			"to": [6.55, 3, 2.225],
			"rotation": {"angle": 0, "axis": "y", "origin": [0, 1, 3]},
			"faces": {
				"north": {"uv": [7.625, 5.25, 7.125, 5.25], "texture": "#9", "cullface": "up"},
				"east": {"uv": [9.4375, 3.11607, 10.25, 4.32143], "texture": "#9", "cullface": "up"},
				"south": {"uv": [7.375, 5.375, 7.875, 5.375], "texture": "#9", "cullface": "up"},
				"west": {"uv": [10.25, 3.91964, 9.4375, 5.125], "texture": "#9", "cullface": "up"},
				"up": {"uv": [12.91964, 5.50368, 11.95536, 5.50368], "rotation": 180, "texture": "#9", "cullface": "up"},
				"down": {"uv": [13, 5.50368, 12.03571, 5.50368], "texture": "#9", "cullface": "up"}
			}
		},
		{
			"from": [1.675, 0.5, -9.5],
			"to": [14, 3, -7.5],
			"rotation": {"angle": 0, "axis": "y", "origin": [0, 1, -19]},
			"faces": {
				"north": {"uv": [7.625, 3, 7.125, 2.5], "texture": "#9", "cullface": "up"},
				"east": {"uv": [9.4375, 2.3125, 10.25, 7.13393], "texture": "#9", "cullface": "up"},
				"south": {"uv": [7.375, 3.125, 7.875, 2.625], "texture": "#9", "cullface": "up"},
				"west": {"uv": [10.25, 3.11607, 9.4375, 7.9375], "texture": "#9", "cullface": "up"},
				"up": {"uv": [15.16964, 2.32721, 11.3125, 1.62132], "rotation": 180, "texture": "#9", "cullface": "up"},
				"down": {"uv": [15.25, 2.32721, 11.39286, 1.62132], "texture": "#9", "cullface": "up"}
			}
		},
		{
			"from": [1.65, 0.5, -10.5],
			"to": [13.75, 3, -9.5],
			"rotation": {"angle": 0, "axis": "y", "origin": [0, 1, -20.5]},
			"faces": {
				"north": {"uv": [7.625, 2.5, 7.125, 2.25], "texture": "#9", "cullface": "up"},
				"east": {"uv": [9.4375, 2.3125, 10.25, 7.13393], "texture": "#9", "cullface": "up"},
				"south": {"uv": [7.375, 2.625, 7.875, 2.375], "texture": "#9", "cullface": "up"},
				"west": {"uv": [10.25, 3.11607, 9.4375, 7.9375], "texture": "#9", "cullface": "up"},
				"up": {"uv": [15.16964, 1.62132, 11.3125, 1.26838], "rotation": 180, "texture": "#9", "cullface": "up"},
				"down": {"uv": [15.25, 1.62132, 11.39286, 1.26838], "texture": "#9", "cullface": "up"}
			}
		},
		{
			"from": [2.05, 0.5, -11.25],
			"to": [13.25, 3, -10.5],
			"rotation": {"angle": 0, "axis": "y", "origin": [0, 1, -21.5]},
			"faces": {
				"north": {"uv": [7.625, 2.25, 7.125, 2], "texture": "#9", "cullface": "up"},
				"east": {"uv": [9.4375, 2.3125, 10.25, 6.73214], "texture": "#9", "cullface": "up"},
				"south": {"uv": [7.375, 2.375, 7.875, 2.125], "texture": "#9", "cullface": "up"},
				"west": {"uv": [10.25, 3.11607, 9.4375, 7.53571], "texture": "#9", "cullface": "up"},
				"up": {"uv": [14.84821, 1.26838, 11.3125, 0.91544], "rotation": 180, "texture": "#9", "cullface": "up"},
				"down": {"uv": [14.92857, 1.26838, 11.39286, 0.91544], "texture": "#9", "cullface": "up"}
			}
		},
		{
			"from": [2.475, 0.5, -11.75],
			"to": [12.5, 3, -11.25],
			"rotation": {"angle": 0, "axis": "y", "origin": [0, 1, -22.25]},
			"faces": {
				"north": {"uv": [7.625, 2, 7.125, 1.75], "texture": "#9", "cullface": "up"},
				"east": {"uv": [9.4375, 2.3125, 10.25, 6.73214], "texture": "#9", "cullface": "up"},
				"south": {"uv": [7.375, 2.125, 7.875, 1.875], "texture": "#9", "cullface": "up"},
				"west": {"uv": [10.25, 3.11607, 9.4375, 7.53571], "texture": "#9", "cullface": "up"},
				"up": {"uv": [14.84821, 0.91544, 11.3125, 0.5625], "rotation": 180, "texture": "#9", "cullface": "up"},
				"down": {"uv": [14.92857, 0.91544, 11.39286, 0.5625], "texture": "#9", "cullface": "up"}
			}
		},
		{
			"from": [2.95, 0.5, -12.25],
			"to": [11.5, 3, -11.75],
			"rotation": {"angle": 0, "axis": "y", "origin": [0, 1, -22.75]},
			"faces": {
				"north": {"uv": [7.625, 1.75, 7.125, 1.75], "texture": "#9", "cullface": "up"},
				"east": {"uv": [9.4375, 2.71429, 10.25, 6.33036], "texture": "#9", "cullface": "up"},
				"south": {"uv": [7.375, 1.875, 7.875, 1.875], "texture": "#9", "cullface": "up"},
				"west": {"uv": [10.25, 3.51786, 9.4375, 7.13393], "texture": "#9", "cullface": "up"},
				"up": {"uv": [14.52679, 0.5625, 11.63393, 0.5625], "rotation": 180, "texture": "#9", "cullface": "up"},
				"down": {"uv": [14.60714, 0.5625, 11.71429, 0.5625], "texture": "#9", "cullface": "up"}
			}
		},
		{
			"from": [6.625, 2.2, 22.45],
			"to": [9.3, 3.2, 23.075],
			"rotation": {"angle": 0, "axis": "y", "origin": [8, 1.2, 22.45]},
			"faces": {
				"north": {"uv": [8.1875, 7.875, 7.9375, 7.625], "texture": "#9"},
				"east": {"uv": [10, 6.5, 9.75, 6], "texture": "#9"},
				"south": {"uv": [8.1875, 7.875, 7.9375, 7.625], "texture": "#9"},
				"west": {"uv": [10, 6.5, 9.75, 6], "texture": "#9"},
				"up": {"uv": [13.8125, 14.35, 13.02083, 14], "texture": "#9"},
				"down": {"uv": [13.8125, 14.35, 13.02083, 14], "texture": "#9"}
			}
		},
		{
			"from": [6.425, 2.2, 25.7],
			"to": [9.475, 3.2, 26.7],
			"rotation": {"angle": 0, "axis": "y", "origin": [8, 1.2, 22.45]},
			"faces": {
				"north": {"uv": [8.1875, 8.875, 7.9375, 8.625], "texture": "#9"},
				"east": {"uv": [10, 6.5, 9.75, 5.75], "texture": "#9"},
				"south": {"uv": [8.1875, 8.875, 7.9375, 8.625], "texture": "#9"},
				"west": {"uv": [10, 6.5, 9.75, 5.75], "texture": "#9"},
				"up": {"uv": [13.8125, 15.75, 12.625, 15.4], "texture": "#9"},
				"down": {"uv": [13.8125, 15.75, 12.625, 15.4], "texture": "#9"}
			}
		},
		{
			"from": [6.3, 2.2, 26.7],
			"to": [9.6, 3.2, 27.7],
			"rotation": {"angle": 0, "axis": "y", "origin": [8, 1.2, 22.45]},
			"faces": {
				"north": {"uv": [8.1875, 8.875, 7.9375, 8.625], "texture": "#9"},
				"east": {"uv": [10, 6.5, 9.75, 5.75], "texture": "#9"},
				"south": {"uv": [8.1875, 8.875, 7.9375, 8.625], "texture": "#9"},
				"west": {"uv": [10, 6.5, 9.75, 5.75], "texture": "#9"},
				"up": {"uv": [13.8125, 15.75, 12.625, 15.4], "texture": "#9"},
				"down": {"uv": [13.8125, 15.75, 12.625, 15.4], "texture": "#9"}
			}
		},
		{
			"from": [6.55, 2.2, 23.05],
			"to": [9.4, 3.2, 25.725],
			"rotation": {"angle": 0, "axis": "y", "origin": [8, 1.2, 25.55]},
			"faces": {
				"north": {"uv": [8.1875, 8.625, 7.9375, 7.875], "texture": "#9"},
				"east": {"uv": [10, 6.5, 9.75, 6], "texture": "#9"},
				"south": {"uv": [8.1875, 8.625, 7.9375, 7.875], "texture": "#9"},
				"west": {"uv": [10, 6.5, 9.75, 6], "texture": "#9"},
				"up": {"uv": [13.8125, 15.4, 13.02083, 14.35], "texture": "#9"},
				"down": {"uv": [13.8125, 15.4, 13.02083, 14.35], "texture": "#9"}
			}
		},
		{
			"name": "fret_0",
			"from": [6.75, 2.825, 22.125],
			"to": [9.15, 3.25, 22.175],
			"faces": {
				"north": {"uv": [0, 11.8125, 2.75, 12.3125], "texture": "#9"},
				"east": {"uv": [0, 11.8125, 2.75, 12.3125], "texture": "#9"},
				"south": {"uv": [0, 11.8125, 2.75, 12.3125], "texture": "#9"},
				"west": {"uv": [0, 11.8125, 2.75, 12.3125], "texture": "#9"},
				"up": {"uv": [0, 11.8125, 2.75, 12.3125], "texture": "#9"},
				"down": {"uv": [0, 11.8125, 2.75, 12.3125], "texture": "#9"}
			}
		},
		{
			"name": "fret_1",
			"from": [6.75, 2.825, 20.925],
			"to": [9.15, 3.25, 20.975],
			"faces": {
				"north": {"uv": [0, 11.8125, 2.75, 12.3125], "texture": "#9"},
				"east": {"uv": [0, 11.8125, 2.75, 12.3125], "texture": "#9"},
				"south": {"uv": [0, 11.8125, 2.75, 12.3125], "texture": "#9"},
				"west": {"uv": [0, 11.8125, 2.75, 12.3125], "texture": "#9"},
				"up": {"uv": [0, 11.8125, 2.75, 12.3125], "texture": "#9"},
				"down": {"uv": [0, 11.8125, 2.75, 12.3125], "texture": "#9"}
			}
		},
		{
			"name": "fret_2",
			"from": [6.75, 2.825, 19.725],
			"to": [9.15, 3.25, 19.775],
			"faces": {
				"north": {"uv": [0, 11.8125, 2.75, 12.3125], "texture": "#9"},
				"east": {"uv": [0, 11.8125, 2.75, 12.3125], "texture": "#9"},
				"south": {"uv": [0, 11.8125, 2.75, 12.3125], "texture": "#9"},
				"west": {"uv": [0, 11.8125, 2.75, 12.3125], "texture": "#9"},
				"up": {"uv": [0, 11.8125, 2.75, 12.3125], "texture": "#9"},
				"down": {"uv": [0, 11.8125, 2.75, 12.3125], "texture": "#9"}
			}
		},
		{
			"name": "fret_3",
			"from": [6.75, 2.825, 18.525],
			"to": [9.15, 3.25, 18.575],
			"faces": {
				"north": {"uv": [0, 11.8125, 2.75, 12.3125], "texture": "#9"},
				"east": {"uv": [0, 11.8125, 2.75, 12.3125], "texture": "#9"},
				"south": {"uv": [0, 11.8125, 2.75, 12.3125], "texture": "#9"},
				"west": {"uv": [0, 11.8125, 2.75, 12.3125], "texture": "#9"},
				"up": {"uv": [0, 11.8125, 2.75, 12.3125], "texture": "#9"},
				"down": {"uv": [0, 11.8125, 2.75, 12.3125], "texture": "#9"}
			}
		},
		{
			"name": "fret_4",
			"from": [6.75, 2.825, 17.325],
			"to": [9.15, 3.25, 17.375],
			"faces": {
				"north": {"uv": [0, 11.8125, 2.75, 12.3125], "texture": "#9"},
				"east": {"uv": [0, 11.8125, 2.75, 12.3125], "texture": "#9"},
				"south": {"uv": [0, 11.8125, 2.75, 12.3125], "texture": "#9"},
				"west": {"uv": [0, 11.8125, 2.75, 12.3125], "texture": "#9"},
				"up": {"uv": [0, 11.8125, 2.75, 12.3125], "texture": "#9"},
				"down": {"uv": [0, 11.8125, 2.75, 12.3125], "texture": "#9"}
			}
		},
		{
			"name": "fret_5",
			"from": [6.75, 2.825, 16.125],
			"to": [9.15, 3.25, 16.175],
			"faces": {
				"north": {"uv": [0, 11.8125, 2.75, 12.3125], "texture": "#9"},
				"east": {"uv": [0, 11.8125, 2.75, 12.3125], "texture": "#9"},
				"south": {"uv": [0, 11.8125, 2.75, 12.3125], "texture": "#9"},
				"west": {"uv": [0, 11.8125, 2.75, 12.3125], "texture": "#9"},
				"up": {"uv": [0, 11.8125, 2.75, 12.3125], "texture": "#9"},
				"down": {"uv": [0, 11.8125, 2.75, 12.3125], "texture": "#9"}
			}
		},
		{
			"name": "fret_6",
			"from": [6.75, 2.825, 14.925],
			"to": [9.15, 3.25, 14.975],
			"faces": {
				"north": {"uv": [0, 11.8125, 2.75, 12.3125], "texture": "#9"},
				"east": {"uv": [0, 11.8125, 2.75, 12.3125], "texture": "#9"},
				"south": {"uv": [0, 11.8125, 2.75, 12.3125], "texture": "#9"},
				"west": {"uv": [0, 11.8125, 2.75, 12.3125], "texture": "#9"},
				"up": {"uv": [0, 11.8125, 2.75, 12.3125], "texture": "#9"},
				"down": {"uv": [0, 11.8125, 2.75, 12.3125], "texture": "#9"}
			}
		},
		{
			"name": "fret_7",
			"from": [6.75, 2.825, 13.725],
			"to": [9.15, 3.25, 13.775],
			"faces": {
				"north": {"uv": [0, 11.8125, 2.75, 12.3125], "texture": "#9"},
				"east": {"uv": [0, 11.8125, 2.75, 12.3125], "texture": "#9"},
				"south": {"uv": [0, 11.8125, 2.75, 12.3125], "texture": "#9"},
				"west": {"uv": [0, 11.8125, 2.75, 12.3125], "texture": "#9"},
				"up": {"uv": [0, 11.8125, 2.75, 12.3125], "texture": "#9"},
				"down": {"uv": [0, 11.8125, 2.75, 12.3125], "texture": "#9"}
			}
		},
		{
			"name": "fret_8",
			"from": [6.75, 2.825, 12.525],
			"to": [9.15, 3.25, 12.575],
			"faces": {
				"north": {"uv": [0, 11.8125, 2.75, 12.3125], "texture": "#9"},
				"east": {"uv": [0, 11.8125, 2.75, 12.3125], "texture": "#9"},
				"south": {"uv": [0, 11.8125, 2.75, 12.3125], "texture": "#9"},
				"west": {"uv": [0, 11.8125, 2.75, 12.3125], "texture": "#9"},
				"up": {"uv": [0, 11.8125, 2.75, 12.3125], "texture": "#9"},
				"down": {"uv": [0, 11.8125, 2.75, 12.3125], "texture": "#9"}
			}
		},
		{
			"name": "fret_9",
			"from": [6.75, 2.825, 11.325],
			"to": [9.15, 3.25, 11.375],
			"faces": {
				"north": {"uv": [0, 11.8125, 2.75, 12.3125], "texture": "#9"},
				"east": {"uv": [0, 11.8125, 2.75, 12.3125], "texture": "#9"},
				"south": {"uv": [0, 11.8125, 2.75, 12.3125], "texture": "#9"},
				"west": {"uv": [0, 11.8125, 2.75, 12.3125], "texture": "#9"},
				"up": {"uv": [0, 11.8125, 2.75, 12.3125], "texture": "#9"},
				"down": {"uv": [0, 11.8125, 2.75, 12.3125], "texture": "#9"}
			}
		},
		{
			"name": "fret_10",
			"from": [6.75, 2.825, 10.125],
			"to": [9.15, 3.25, 10.175],
			"faces": {
				"north": {"uv": [0, 11.8125, 2.75, 12.3125], "texture": "#9"},
				"east": {"uv": [0, 11.8125, 2.75, 12.3125], "texture": "#9"},
				"south": {"uv": [0, 11.8125, 2.75, 12.3125], "texture": "#9"},
				"west": {"uv": [0, 11.8125, 2.75, 12.3125], "texture": "#9"},
				"up": {"uv": [0, 11.8125, 2.75, 12.3125], "texture": "#9"},
				"down": {"uv": [0, 11.8125, 2.75, 12.3125], "texture": "#9"}
			}
		},
		{
			"name": "fret_11",
			"from": [6.75, 2.825, 8.925],
			"to": [9.15, 3.25, 8.975],
			"faces": {
				"north": {"uv": [0, 11.8125, 2.75, 12.3125], "texture": "#9"},
				"east": {"uv": [0, 11.8125, 2.75, 12.3125], "texture": "#9"},
				"south": {"uv": [0, 11.8125, 2.75, 12.3125], "texture": "#9"},
				"west": {"uv": [0, 11.8125, 2.75, 12.3125], "texture": "#9"},
				"up": {"uv": [0, 11.8125, 2.75, 12.3125], "texture": "#9"},
				"down": {"uv": [0, 11.8125, 2.75, 12.3125], "texture": "#9"}
			}
		},
		{
			"name": "fret_12",
			"from": [6.75, 2.825, 7.725],
			"to": [9.15, 3.25, 7.775],
			"faces": {
				"north": {"uv": [0, 11.8125, 2.75, 12.3125], "texture": "#9"},
				"east": {"uv": [0, 11.8125, 2.75, 12.3125], "texture": "#9"},
				"south": {"uv": [0, 11.8125, 2.75, 12.3125], "texture": "#9"},
				"west": {"uv": [0, 11.8125, 2.75, 12.3125], "texture": "#9"},
				"up": {"uv": [0, 11.8125, 2.75, 12.3125], "texture": "#9"},
				"down": {"uv": [0, 11.8125, 2.75, 12.3125], "texture": "#9"}
			}
		},
		{
			"name": "fret_13",
			"from": [6.75, 2.825, 6.525],
			"to": [9.15, 3.25, 6.575],
			"faces": {
				"north": {"uv": [0, 11.8125, 2.75, 12.3125], "texture": "#9"},
				"east": {"uv": [0, 11.8125, 2.75, 12.3125], "texture": "#9"},
				"south": {"uv": [0, 11.8125, 2.75, 12.3125], "texture": "#9"},
				"west": {"uv": [0, 11.8125, 2.75, 12.3125], "texture": "#9"},
				"up": {"uv": [0, 11.8125, 2.75, 12.3125], "texture": "#9"},
				"down": {"uv": [0, 11.8125, 2.75, 12.3125], "texture": "#9"}
			}
		},
		{
			"name": "fret_14",
			"from": [6.75, 2.825, 5.325],
			"to": [9.15, 3.25, 5.375],
			"faces": {
				"north": {"uv": [0, 11.8125, 2.75, 12.3125], "texture": "#9"},
				"east": {"uv": [0, 11.8125, 2.75, 12.3125], "texture": "#9"},
				"south": {"uv": [0, 11.8125, 2.75, 12.3125], "texture": "#9"},
				"west": {"uv": [0, 11.8125, 2.75, 12.3125], "texture": "#9"},
				"up": {"uv": [0, 11.8125, 2.75, 12.3125], "texture": "#9"},
				"down": {"uv": [0, 11.8125, 2.75, 12.3125], "texture": "#9"}
			}
		},
		{
			"name": "fret_15",
			"from": [6.75, 2.825, 4.125],
			"to": [9.15, 3.25, 4.175],
			"faces": {
				"north": {"uv": [0, 11.8125, 2.75, 12.3125], "texture": "#9"},
				"east": {"uv": [0, 11.8125, 2.75, 12.3125], "texture": "#9"},
				"south": {"uv": [0, 11.8125, 2.75, 12.3125], "texture": "#9"},
				"west": {"uv": [0, 11.8125, 2.75, 12.3125], "texture": "#9"},
				"up": {"uv": [0, 11.8125, 2.75, 12.3125], "texture": "#9"},
				"down": {"uv": [0, 11.8125, 2.75, 12.3125], "texture": "#9"}
			}
		},
		{
			"name": "fret_16",
			"from": [6.75, 2.825, 2.925],
			"to": [9.15, 3.25, 2.975],
			"faces": {
				"north": {"uv": [0, 11.8125, 2.75, 12.3125], "texture": "#9"},
				"east": {"uv": [0, 11.8125, 2.75, 12.3125], "texture": "#9"},
				"south": {"uv": [0, 11.8125, 2.75, 12.3125], "texture": "#9"},
				"west": {"uv": [0, 11.8125, 2.75, 12.3125], "texture": "#9"},
				"up": {"uv": [0, 11.8125, 2.75, 12.3125], "texture": "#9"},
				"down": {"uv": [0, 11.8125, 2.75, 12.3125], "texture": "#9"}
			}
		},
		{
			"name": "fret_17",
			"from": [6.75, 2.825, 1.725],
			"to": [9.15, 3.25, 1.775],
			"faces": {
				"north": {"uv": [0, 11.8125, 2.75, 12.3125], "texture": "#9"},
				"east": {"uv": [0, 11.8125, 2.75, 12.3125], "texture": "#9"},
				"south": {"uv": [0, 11.8125, 2.75, 12.3125], "texture": "#9"},
				"west": {"uv": [0, 11.8125, 2.75, 12.3125], "texture": "#9"},
				"up": {"uv": [0, 11.8125, 2.75, 12.3125], "texture": "#9"},
				"down": {"uv": [0, 11.8125, 2.75, 12.3125], "texture": "#9"}
			}
		},
		{
			"name": "inlye_0",
			"from": [7.825, 2.825, 19.1],
			"to": [7.975, 3.25, 19.25],
			"faces": {
				"north": {"uv": [0.25, 3.4375, 1.8125, 5.25], "texture": "#9"},
				"east": {"uv": [0.25, 3.4375, 1.8125, 5.25], "texture": "#9"},
				"south": {"uv": [0.25, 3.4375, 1.8125, 5.25], "texture": "#9"},
				"west": {"uv": [0.25, 3.4375, 1.8125, 5.25], "texture": "#9"},
				"up": {"uv": [0.25, 3.4375, 1.8125, 5.25], "texture": "#9"},
				"down": {"uv": [0.25, 3.4375, 1.8125, 5.25], "texture": "#9"}
			}
		},
		{
			"name": "inlye_2",
			"from": [7.825, 2.825, 16.7],
			"to": [7.975, 3.25, 16.85],
			"faces": {
				"north": {"uv": [0.25, 3.4375, 1.8125, 5.25], "texture": "#9"},
				"east": {"uv": [0.25, 3.4375, 1.8125, 5.25], "texture": "#9"},
				"south": {"uv": [0.25, 3.4375, 1.8125, 5.25], "texture": "#9"},
				"west": {"uv": [0.25, 3.4375, 1.8125, 5.25], "texture": "#9"},
				"up": {"uv": [0.25, 3.4375, 1.8125, 5.25], "texture": "#9"},
				"down": {"uv": [0.25, 3.4375, 1.8125, 5.25], "texture": "#9"}
			}
		},
		{
			"name": "inlye_4",
			"from": [7.825, 2.825, 14.3],
			"to": [7.975, 3.25, 14.45],
			"faces": {
				"north": {"uv": [0.25, 3.4375, 1.8125, 5.25], "texture": "#9"},
				"east": {"uv": [0.25, 3.4375, 1.8125, 5.25], "texture": "#9"},
				"south": {"uv": [0.25, 3.4375, 1.8125, 5.25], "texture": "#9"},
				"west": {"uv": [0.25, 3.4375, 1.8125, 5.25], "texture": "#9"},
				"up": {"uv": [0.25, 3.4375, 1.8125, 5.25], "texture": "#9"},
				"down": {"uv": [0.25, 3.4375, 1.8125, 5.25], "texture": "#9"}
			}
		},
		{
			"name": "inlye_6",
			"from": [7.825, 2.825, 11.9],
			"to": [7.975, 3.25, 12.05],
			"faces": {
				"north": {"uv": [0.25, 3.4375, 1.8125, 5.25], "texture": "#9"},
				"east": {"uv": [0.25, 3.4375, 1.8125, 5.25], "texture": "#9"},
				"south": {"uv": [0.25, 3.4375, 1.8125, 5.25], "texture": "#9"},
				"west": {"uv": [0.25, 3.4375, 1.8125, 5.25], "texture": "#9"},
				"up": {"uv": [0.25, 3.4375, 1.8125, 5.25], "texture": "#9"},
				"down": {"uv": [0.25, 3.4375, 1.8125, 5.25], "texture": "#9"}
			}
		},
		{
			"name": "inlye_9",
			"from": [7.025, 2.825, 8.3],
			"to": [7.175, 3.25, 8.45],
			"faces": {
				"north": {"uv": [0.25, 3.4375, 1.8125, 5.25], "texture": "#9"},
				"east": {"uv": [0.25, 3.4375, 1.8125, 5.25], "texture": "#9"},
				"south": {"uv": [0.25, 3.4375, 1.8125, 5.25], "texture": "#9"},
				"west": {"uv": [0.25, 3.4375, 1.8125, 5.25], "texture": "#9"},
				"up": {"uv": [0.25, 3.4375, 1.8125, 5.25], "texture": "#9"},
				"down": {"uv": [0.25, 3.4375, 1.8125, 5.25], "texture": "#9"}
			}
		},
		{
			"name": "inlye_9",
			"from": [8.625, 2.825, 8.3],
			"to": [8.775, 3.25, 8.45],
			"faces": {
				"north": {"uv": [0.25, 3.4375, 1.8125, 5.25], "texture": "#9"},
				"east": {"uv": [0.25, 3.4375, 1.8125, 5.25], "texture": "#9"},
				"south": {"uv": [0.25, 3.4375, 1.8125, 5.25], "texture": "#9"},
				"west": {"uv": [0.25, 3.4375, 1.8125, 5.25], "texture": "#9"},
				"up": {"uv": [0.25, 3.4375, 1.8125, 5.25], "texture": "#9"},
				"down": {"uv": [0.25, 3.4375, 1.8125, 5.25], "texture": "#9"}
			}
		},
		{
			"name": "inlye_12",
			"from": [7.825, 2.825, 4.7],
			"to": [7.975, 3.25, 4.85],
			"faces": {
				"north": {"uv": [0.25, 3.4375, 1.8125, 5.25], "texture": "#9"},
				"east": {"uv": [0.25, 3.4375, 1.8125, 5.25], "texture": "#9"},
				"south": {"uv": [0.25, 3.4375, 1.8125, 5.25], "texture": "#9"},
				"west": {"uv": [0.25, 3.4375, 1.8125, 5.25], "texture": "#9"},
				"up": {"uv": [0.25, 3.4375, 1.8125, 5.25], "texture": "#9"},
				"down": {"uv": [0.25, 3.4375, 1.8125, 5.25], "texture": "#9"}
			}
		},
		{
			"name": "inlye_14",
			"from": [7.825, 2.825, 2.3],
			"to": [7.975, 3.25, 2.45],
			"faces": {
				"north": {"uv": [0.25, 3.4375, 1.8125, 5.25], "texture": "#9"},
				"east": {"uv": [0.25, 3.4375, 1.8125, 5.25], "texture": "#9"},
				"south": {"uv": [0.25, 3.4375, 1.8125, 5.25], "texture": "#9"},
				"west": {"uv": [0.25, 3.4375, 1.8125, 5.25], "texture": "#9"},
				"up": {"uv": [0.25, 3.4375, 1.8125, 5.25], "texture": "#9"},
				"down": {"uv": [0.25, 3.4375, 1.8125, 5.25], "texture": "#9"}
			}
		},
		{
			"from": [6.6, 3, -7.75],
			"to": [9.4, 3.25, -7.05],
			"rotation": {"angle": 0, "axis": "y", "origin": [9, 3, -8.2]},
			"faces": {
				"north": {"uv": [0.3125, 0.4375, 1.75, 1.875], "texture": "#9"},
				"east": {"uv": [0.3125, 0.4375, 1.75, 1.875], "texture": "#9"},
				"south": {"uv": [0.3125, 0.4375, 1.75, 1.875], "texture": "#9"},
				"west": {"uv": [0.3125, 0.4375, 1.75, 1.875], "texture": "#9"},
				"up": {"uv": [0.3125, 0.4375, 1.75, 1.875], "texture": "#9"},
				"down": {"uv": [0.3125, 0.4375, 1.75, 1.875], "texture": "#9"}
			}
		},
		{
			"from": [9.375, 3, -7.75],
			"to": [10.1, 3.15, -7.05],
			"rotation": {"angle": 0, "axis": "y", "origin": [9, 3, -8.2]},
			"faces": {
				"north": {"uv": [0.3125, 0.4375, 1.75, 1.875], "texture": "#9"},
				"east": {"uv": [0.3125, 0.4375, 1.75, 1.875], "texture": "#9"},
				"south": {"uv": [0.3125, 0.4375, 1.75, 1.875], "texture": "#9"},
				"west": {"uv": [0.3125, 0.4375, 1.75, 1.875], "texture": "#9"},
				"up": {"uv": [0.3125, 0.4375, 1.75, 1.875], "texture": "#9"},
				"down": {"uv": [0.3125, 0.4375, 1.75, 1.875], "texture": "#9"}
			}
		},
		{
			"from": [5.9, 3, -7.75],
			"to": [6.625, 3.15, -7.05],
			"rotation": {"angle": 0, "axis": "y", "origin": [9, 3, -8.2]},
			"faces": {
				"north": {"uv": [0.3125, 0.4375, 1.75, 1.875], "texture": "#9"},
				"east": {"uv": [0.3125, 0.4375, 1.75, 1.875], "texture": "#9"},
				"south": {"uv": [0.3125, 0.4375, 1.75, 1.875], "texture": "#9"},
				"west": {"uv": [0.3125, 0.4375, 1.75, 1.875], "texture": "#9"},
				"up": {"uv": [0.3125, 0.4375, 1.75, 1.875], "texture": "#9"},
				"down": {"uv": [0.3125, 0.4375, 1.75, 1.875], "texture": "#9"}
			}
		},
		{
			"name": "bar",
			"from": [6.725, 3.15, -7.275],
			"to": [9.125, 3.35, -7.125],
			"rotation": {"angle": 0, "axis": "y", "origin": [9, 3, -8.2]},
			"faces": {
				"north": {"uv": [0.4375, 3.6875, 2.125, 5.1875], "texture": "#9"},
				"east": {"uv": [0.4375, 3.6875, 2.125, 5.1875], "texture": "#9"},
				"south": {"uv": [0.4375, 3.6875, 2.125, 5.1875], "texture": "#9"},
				"west": {"uv": [0.4375, 3.6875, 2.125, 5.1875], "texture": "#9"},
				"up": {"uv": [0.4375, 3.6875, 2.125, 5.1875], "texture": "#9"},
				"down": {"uv": [0.4375, 3.6875, 2.125, 5.1875], "texture": "#9"}
			}
		},
		{
			"name": "pin_0",
			"from": [8.85, 3.225, -7.525],
			"to": [9, 3.5, -7.375],
			"faces": {
				"north": {"uv": [0.4375, 3.6875, 2.125, 5.1875], "texture": "#9"},
				"east": {"uv": [0.4375, 3.6875, 2.125, 5.1875], "texture": "#9"},
				"south": {"uv": [0.4375, 3.6875, 2.125, 5.1875], "texture": "#9"},
				"west": {"uv": [0.4375, 3.6875, 2.125, 5.1875], "texture": "#9"},
				"up": {"uv": [0.4375, 3.6875, 2.125, 5.1875], "texture": "#9"},
				"down": {"uv": [0.4375, 3.6875, 2.125, 5.1875], "texture": "#9"}
			}
		},
		{
			"name": "pin_1",
			"from": [8.45, 3.225, -7.525],
			"to": [8.6, 3.5, -7.375],
			"faces": {
				"north": {"uv": [0.4375, 3.6875, 2.125, 5.1875], "texture": "#9"},
				"east": {"uv": [0.4375, 3.6875, 2.125, 5.1875], "texture": "#9"},
				"south": {"uv": [0.4375, 3.6875, 2.125, 5.1875], "texture": "#9"},
				"west": {"uv": [0.4375, 3.6875, 2.125, 5.1875], "texture": "#9"},
				"up": {"uv": [0.4375, 3.6875, 2.125, 5.1875], "texture": "#9"},
				"down": {"uv": [0.4375, 3.6875, 2.125, 5.1875], "texture": "#9"}
			}
		},
		{
			"name": "pin_2",
			"from": [8.05, 3.225, -7.525],
			"to": [8.2, 3.5, -7.375],
			"faces": {
				"north": {"uv": [0.4375, 3.6875, 2.125, 5.1875], "texture": "#9"},
				"east": {"uv": [0.4375, 3.6875, 2.125, 5.1875], "texture": "#9"},
				"south": {"uv": [0.4375, 3.6875, 2.125, 5.1875], "texture": "#9"},
				"west": {"uv": [0.4375, 3.6875, 2.125, 5.1875], "texture": "#9"},
				"up": {"uv": [0.4375, 3.6875, 2.125, 5.1875], "texture": "#9"},
				"down": {"uv": [0.4375, 3.6875, 2.125, 5.1875], "texture": "#9"}
			}
		},
		{
			"name": "pin_3",
			"from": [7.65, 3.225, -7.525],
			"to": [7.8, 3.5, -7.375],
			"faces": {
				"north": {"uv": [0.4375, 3.6875, 2.125, 5.1875], "texture": "#9"},
				"east": {"uv": [0.4375, 3.6875, 2.125, 5.1875], "texture": "#9"},
				"south": {"uv": [0.4375, 3.6875, 2.125, 5.1875], "texture": "#9"},
				"west": {"uv": [0.4375, 3.6875, 2.125, 5.1875], "texture": "#9"},
				"up": {"uv": [0.4375, 3.6875, 2.125, 5.1875], "texture": "#9"},
				"down": {"uv": [0.4375, 3.6875, 2.125, 5.1875], "texture": "#9"}
			}
		},
		{
			"name": "pin_4",
			"from": [7.25, 3.225, -7.525],
			"to": [7.4, 3.5, -7.375],
			"faces": {
				"north": {"uv": [0.4375, 3.6875, 2.125, 5.1875], "texture": "#9"},
				"east": {"uv": [0.4375, 3.6875, 2.125, 5.1875], "texture": "#9"},
				"south": {"uv": [0.4375, 3.6875, 2.125, 5.1875], "texture": "#9"},
				"west": {"uv": [0.4375, 3.6875, 2.125, 5.1875], "texture": "#9"},
				"up": {"uv": [0.4375, 3.6875, 2.125, 5.1875], "texture": "#9"},
				"down": {"uv": [0.4375, 3.6875, 2.125, 5.1875], "texture": "#9"}
			}
		},
		{
			"name": "pin_5",
			"from": [6.85, 3.225, -7.525],
			"to": [7, 3.5, -7.375],
			"faces": {
				"north": {"uv": [0.4375, 3.6875, 2.125, 5.1875], "texture": "#9"},
				"east": {"uv": [0.4375, 3.6875, 2.125, 5.1875], "texture": "#9"},
				"south": {"uv": [0.4375, 3.6875, 2.125, 5.1875], "texture": "#9"},
				"west": {"uv": [0.4375, 3.6875, 2.125, 5.1875], "texture": "#9"},
				"up": {"uv": [0.4375, 3.6875, 2.125, 5.1875], "texture": "#9"},
				"down": {"uv": [0.4375, 3.6875, 2.125, 5.1875], "texture": "#9"}
			}
		},
		{
			"name": "cube_0",
			"from": [9, 2.525, 23.75],
			"to": [9.7, 2.7, 23.875],
			"faces": {
				"north": {"uv": [0.6875, 4.4375, 1.1875, 4.9375], "texture": "#9"},
				"east": {"uv": [0.1875, 4.4375, 0.6875, 4.9375], "texture": "#9"},
				"south": {"uv": [1.6875, 4.4375, 2.1875, 4.9375], "texture": "#9"},
				"west": {"uv": [1.1875, 4.4375, 1.6875, 4.9375], "texture": "#9"},
				"up": {"uv": [1.1875, 4.4375, 0.6875, 3.9375], "texture": "#9"},
				"down": {"uv": [1.6875, 3.9375, 1.1875, 4.4375], "texture": "#9"}
			}
		},
		{
			"name": "cube_1",
			"from": [9, 2.525, 24.95],
			"to": [9.7, 2.7, 25.075],
			"faces": {
				"north": {"uv": [0.6875, 4.4375, 1.1875, 4.9375], "texture": "#9"},
				"east": {"uv": [0.1875, 4.4375, 0.6875, 4.9375], "texture": "#9"},
				"south": {"uv": [1.6875, 4.4375, 2.1875, 4.9375], "texture": "#9"},
				"west": {"uv": [1.1875, 4.4375, 1.6875, 4.9375], "texture": "#9"},
				"up": {"uv": [1.1875, 4.4375, 0.6875, 3.9375], "texture": "#9"},
				"down": {"uv": [1.6875, 3.9375, 1.1875, 4.4375], "texture": "#9"}
			}
		},
		{
			"name": "cube_2",
			"from": [9, 2.525, 25.9],
			"to": [9.7, 2.7, 26.025],
			"faces": {
				"north": {"uv": [0.6875, 4.4375, 1.1875, 4.9375], "texture": "#9"},
				"east": {"uv": [0.1875, 4.4375, 0.6875, 4.9375], "texture": "#9"},
				"south": {"uv": [1.6875, 4.4375, 2.1875, 4.9375], "texture": "#9"},
				"west": {"uv": [1.1875, 4.4375, 1.6875, 4.9375], "texture": "#9"},
				"up": {"uv": [1.1875, 4.4375, 0.6875, 3.9375], "texture": "#9"},
				"down": {"uv": [1.6875, 3.9375, 1.1875, 4.4375], "texture": "#9"}
			}
		},
		{
			"name": "cube_0",
			"from": [9.6, 2.475, 23.575],
			"to": [10, 2.775, 24.025],
			"faces": {
				"north": {"uv": [0.6875, 4.4375, 1.1875, 4.9375], "texture": "#9"},
				"east": {"uv": [0.1875, 4.4375, 0.6875, 4.9375], "texture": "#9"},
				"south": {"uv": [1.6875, 4.4375, 2.1875, 4.9375], "texture": "#9"},
				"west": {"uv": [1.1875, 4.4375, 1.6875, 4.9375], "texture": "#9"},
				"up": {"uv": [1.1875, 4.4375, 0.6875, 3.9375], "texture": "#9"},
				"down": {"uv": [1.6875, 3.9375, 1.1875, 4.4375], "texture": "#9"}
			}
		},
		{
			"name": "cube_1",
			"from": [9.6, 2.475, 24.8],
			"to": [10, 2.775, 25.25],
			"faces": {
				"north": {"uv": [0.6875, 4.4375, 1.1875, 4.9375], "texture": "#9"},
				"east": {"uv": [0.1875, 4.4375, 0.6875, 4.9375], "texture": "#9"},
				"south": {"uv": [1.6875, 4.4375, 2.1875, 4.9375], "texture": "#9"},
				"west": {"uv": [1.1875, 4.4375, 1.6875, 4.9375], "texture": "#9"},
				"up": {"uv": [1.1875, 4.4375, 0.6875, 3.9375], "texture": "#9"},
				"down": {"uv": [1.6875, 3.9375, 1.1875, 4.4375], "texture": "#9"}
			}
		},
		{
			"name": "cube_2",
			"from": [9.6, 2.475, 25.725],
			"to": [9.975, 2.775, 26.175],
			"faces": {
				"north": {"uv": [0.6875, 4.4375, 1.1875, 4.9375], "texture": "#9"},
				"east": {"uv": [0.1875, 4.4375, 0.6875, 4.9375], "texture": "#9"},
				"south": {"uv": [1.6875, 4.4375, 2.1875, 4.9375], "texture": "#9"},
				"west": {"uv": [1.1875, 4.4375, 1.6875, 4.9375], "texture": "#9"},
				"up": {"uv": [1.1875, 4.4375, 0.6875, 3.9375], "texture": "#9"},
				"down": {"uv": [1.6875, 3.9375, 1.1875, 4.4375], "texture": "#9"}
			}
		},
		{
			"name": "cube_0",
			"from": [6.225, 2.525, 23.75],
			"to": [6.925, 2.7, 23.875],
			"faces": {
				"north": {"uv": [0.6875, 4.4375, 1.1875, 4.9375], "texture": "#9"},
				"east": {"uv": [0.1875, 4.4375, 0.6875, 4.9375], "texture": "#9"},
				"south": {"uv": [1.6875, 4.4375, 2.1875, 4.9375], "texture": "#9"},
				"west": {"uv": [1.1875, 4.4375, 1.6875, 4.9375], "texture": "#9"},
				"up": {"uv": [1.1875, 4.4375, 0.6875, 3.9375], "texture": "#9"},
				"down": {"uv": [1.6875, 3.9375, 1.1875, 4.4375], "texture": "#9"}
			}
		},
		{
			"name": "cube_1",
			"from": [6.225, 2.525, 24.75],
			"to": [6.925, 2.7, 24.875],
			"faces": {
				"north": {"uv": [0.6875, 4.4375, 1.1875, 4.9375], "texture": "#9"},
				"east": {"uv": [0.1875, 4.4375, 0.6875, 4.9375], "texture": "#9"},
				"south": {"uv": [1.6875, 4.4375, 2.1875, 4.9375], "texture": "#9"},
				"west": {"uv": [1.1875, 4.4375, 1.6875, 4.9375], "texture": "#9"},
				"up": {"uv": [1.1875, 4.4375, 0.6875, 3.9375], "texture": "#9"},
				"down": {"uv": [1.6875, 3.9375, 1.1875, 4.4375], "texture": "#9"}
			}
		},
		{
			"name": "cube_2",
			"from": [6.225, 2.525, 25.75],
			"to": [6.925, 2.7, 25.875],
			"faces": {
				"north": {"uv": [0.6875, 4.4375, 1.1875, 4.9375], "texture": "#9"},
				"east": {"uv": [0.1875, 4.4375, 0.6875, 4.9375], "texture": "#9"},
				"south": {"uv": [1.6875, 4.4375, 2.1875, 4.9375], "texture": "#9"},
				"west": {"uv": [1.1875, 4.4375, 1.6875, 4.9375], "texture": "#9"},
				"up": {"uv": [1.1875, 4.4375, 0.6875, 3.9375], "texture": "#9"},
				"down": {"uv": [1.6875, 3.9375, 1.1875, 4.4375], "texture": "#9"}
			}
		},
		{
			"name": "cube_0",
			"from": [5.975, 2.475, 23.55],
			"to": [6.3, 2.775, 24.05],
			"faces": {
				"north": {"uv": [0.6875, 4.4375, 1.1875, 4.9375], "texture": "#9"},
				"east": {"uv": [0.1875, 4.4375, 0.6875, 4.9375], "texture": "#9"},
				"south": {"uv": [1.6875, 4.4375, 2.1875, 4.9375], "texture": "#9"},
				"west": {"uv": [1.1875, 4.4375, 1.6875, 4.9375], "texture": "#9"},
				"up": {"uv": [1.1875, 4.4375, 0.6875, 3.9375], "texture": "#9"},
				"down": {"uv": [1.6875, 3.9375, 1.1875, 4.4375], "texture": "#9"}
			}
		},
		{
			"name": "cube_1",
			"from": [5.95, 2.475, 24.6],
			"to": [6.3, 2.775, 25.025],
			"faces": {
				"north": {"uv": [0.6875, 4.4375, 1.1875, 4.9375], "texture": "#9"},
				"east": {"uv": [0.1875, 4.4375, 0.6875, 4.9375], "texture": "#9"},
				"south": {"uv": [1.6875, 4.4375, 2.1875, 4.9375], "texture": "#9"},
				"west": {"uv": [1.1875, 4.4375, 1.6875, 4.9375], "texture": "#9"},
				"up": {"uv": [1.1875, 4.4375, 0.6875, 3.9375], "texture": "#9"},
				"down": {"uv": [1.6875, 3.9375, 1.1875, 4.4375], "texture": "#9"}
			}
		},
		{
			"name": "cube_2",
			"from": [5.9, 2.475, 25.55],
			"to": [6.3, 2.775, 26.025],
			"faces": {
				"north": {"uv": [0.6875, 4.4375, 1.1875, 4.9375], "texture": "#9"},
				"east": {"uv": [0.1875, 4.4375, 0.6875, 4.9375], "texture": "#9"},
				"south": {"uv": [1.6875, 4.4375, 2.1875, 4.9375], "texture": "#9"},
				"west": {"uv": [1.1875, 4.4375, 1.6875, 4.9375], "texture": "#9"},
				"up": {"uv": [1.1875, 4.4375, 0.6875, 3.9375], "texture": "#9"},
				"down": {"uv": [1.6875, 3.9375, 1.1875, 4.4375], "texture": "#9"}
			}
		},
		{
			"name": "cube_0",
			"from": [8.825, 2.975, 23.7],
			"to": [9, 3.525, 23.875],
			"faces": {
				"north": {"uv": [0.6875, 4.4375, 1.1875, 4.9375], "texture": "#9"},
				"east": {"uv": [0.1875, 4.4375, 0.6875, 4.9375], "texture": "#9"},
				"south": {"uv": [1.6875, 4.4375, 2.1875, 4.9375], "texture": "#9"},
				"west": {"uv": [1.1875, 4.4375, 1.6875, 4.9375], "texture": "#9"},
				"up": {"uv": [1.1875, 4.4375, 0.6875, 3.9375], "texture": "#9"},
				"down": {"uv": [1.6875, 3.9375, 1.1875, 4.4375], "texture": "#9"}
			}
		},
		{
			"name": "cube_0",
			"from": [6.8, 2.975, 23.7],
			"to": [6.975, 3.525, 23.875],
			"faces": {
				"north": {"uv": [0.6875, 4.4375, 1.1875, 4.9375], "texture": "#9"},
				"east": {"uv": [0.1875, 4.4375, 0.6875, 4.9375], "texture": "#9"},
				"south": {"uv": [1.6875, 4.4375, 2.1875, 4.9375], "texture": "#9"},
				"west": {"uv": [1.1875, 4.4375, 1.6875, 4.9375], "texture": "#9"},
				"up": {"uv": [1.1875, 4.4375, 0.6875, 3.9375], "texture": "#9"},
				"down": {"uv": [1.6875, 3.9375, 1.1875, 4.4375], "texture": "#9"}
			}
		},
		{
			"name": "cube_1",
			"from": [8.725, 2.975, 24.925],
			"to": [8.9, 3.525, 25.1],
			"faces": {
				"north": {"uv": [0.6875, 4.4375, 1.1875, 4.9375], "texture": "#9"},
				"east": {"uv": [0.1875, 4.4375, 0.6875, 4.9375], "texture": "#9"},
				"south": {"uv": [1.6875, 4.4375, 2.1875, 4.9375], "texture": "#9"},
				"west": {"uv": [1.1875, 4.4375, 1.6875, 4.9375], "texture": "#9"},
				"up": {"uv": [1.1875, 4.4375, 0.6875, 3.9375], "texture": "#9"},
				"down": {"uv": [1.6875, 3.9375, 1.1875, 4.4375], "texture": "#9"}
			}
		},
		{
			"name": "cube_1",
			"from": [6.925, 2.975, 24.925],
			"to": [7.1, 3.525, 25.1],
			"faces": {
				"north": {"uv": [0.6875, 4.4375, 1.1875, 4.9375], "texture": "#9"},
				"east": {"uv": [0.1875, 4.4375, 0.6875, 4.9375], "texture": "#9"},
				"south": {"uv": [1.6875, 4.4375, 2.1875, 4.9375], "texture": "#9"},
				"west": {"uv": [1.1875, 4.4375, 1.6875, 4.9375], "texture": "#9"},
				"up": {"uv": [1.1875, 4.4375, 0.6875, 3.9375], "texture": "#9"},
				"down": {"uv": [1.6875, 3.9375, 1.1875, 4.4375], "texture": "#9"}
			}
		},
		{
			"name": "cube_2",
			"from": [8.65, 2.975, 25.875],
			"to": [8.825, 3.525, 26.05],
			"faces": {
				"north": {"uv": [0.6875, 4.4375, 1.1875, 4.9375], "texture": "#9"},
				"east": {"uv": [0.1875, 4.4375, 0.6875, 4.9375], "texture": "#9"},
				"south": {"uv": [1.6875, 4.4375, 2.1875, 4.9375], "texture": "#9"},
				"west": {"uv": [1.1875, 4.4375, 1.6875, 4.9375], "texture": "#9"},
				"up": {"uv": [1.1875, 4.4375, 0.6875, 3.9375], "texture": "#9"},
				"down": {"uv": [1.6875, 3.9375, 1.1875, 4.4375], "texture": "#9"}
			}
		},
		{
			"name": "cube_2",
			"from": [7, 2.975, 25.875],
			"to": [7.175, 3.525, 26.05],
			"faces": {
				"north": {"uv": [0.6875, 4.4375, 1.1875, 4.9375], "texture": "#9"},
				"east": {"uv": [0.1875, 4.4375, 0.6875, 4.9375], "texture": "#9"},
				"south": {"uv": [1.6875, 4.4375, 2.1875, 4.9375], "texture": "#9"},
				"west": {"uv": [1.1875, 4.4375, 1.6875, 4.9375], "texture": "#9"},
				"up": {"uv": [1.1875, 4.4375, 0.6875, 3.9375], "texture": "#9"},
				"down": {"uv": [1.6875, 3.9375, 1.1875, 4.4375], "texture": "#9"}
			}
		},
		{
			"from": [8.9, 3.35, 22.775],
			"to": [8.95, 3.475, 23.775],
			"faces": {
				"north": {"uv": [0.125, 3.6875, 1.625, 5.25], "texture": "#9"},
				"east": {"uv": [0.125, 3.6875, 1.625, 5.25], "texture": "#9"},
				"south": {"uv": [0.125, 3.6875, 1.625, 5.25], "texture": "#9"},
				"west": {"uv": [0.125, 3.6875, 1.625, 5.25], "texture": "#9"},
				"up": {"uv": [0.125, 3.6875, 1.625, 5.25], "texture": "#9"},
				"down": {"uv": [0.125, 3.6875, 1.625, 5.25], "texture": "#9"}
			}
		},
		{
			"from": [6.9, 3.35, 22.775],
			"to": [6.95, 3.475, 23.775],
			"faces": {
				"north": {"uv": [0.125, 3.6875, 1.625, 5.25], "texture": "#9"},
				"east": {"uv": [0.125, 3.6875, 1.625, 5.25], "texture": "#9"},
				"south": {"uv": [0.125, 3.6875, 1.625, 5.25], "texture": "#9"},
				"west": {"uv": [0.125, 3.6875, 1.625, 5.25], "texture": "#9"},
				"up": {"uv": [0.125, 3.6875, 1.625, 5.25], "texture": "#9"},
				"down": {"uv": [0.125, 3.6875, 1.625, 5.25], "texture": "#9"}
			}
		},
		{
			"from": [8.5, 3.35, 22.775],
			"to": [8.55, 3.475, 24.225],
			"faces": {
				"north": {"uv": [0.125, 3.6875, 1.625, 5.25], "texture": "#9"},
				"east": {"uv": [0.125, 3.6875, 1.625, 5.25], "texture": "#9"},
				"south": {"uv": [0.125, 3.6875, 1.625, 5.25], "texture": "#9"},
				"west": {"uv": [0.125, 3.6875, 1.625, 5.25], "texture": "#9"},
				"up": {"uv": [0.125, 3.6875, 1.625, 5.25], "texture": "#9"},
				"down": {"uv": [0.125, 3.6875, 1.625, 5.25], "texture": "#9"}
			}
		},
		{
			"from": [7.3, 3.35, 22.775],
			"to": [7.35, 3.475, 24.225],
			"faces": {
				"north": {"uv": [0.125, 3.6875, 1.625, 5.25], "texture": "#9"},
				"east": {"uv": [0.125, 3.6875, 1.625, 5.25], "texture": "#9"},
				"south": {"uv": [0.125, 3.6875, 1.625, 5.25], "texture": "#9"},
				"west": {"uv": [0.125, 3.6875, 1.625, 5.25], "texture": "#9"},
				"up": {"uv": [0.125, 3.6875, 1.625, 5.25], "texture": "#9"},
				"down": {"uv": [0.125, 3.6875, 1.625, 5.25], "texture": "#9"}
			}
		},
		{
			"from": [8.575, 3.35, 23.675],
			"to": [8.625, 3.475, 25.325],
			"rotation": {"angle": 22.5, "axis": "y", "origin": [10.125, 0, 25.25]},
			"faces": {
				"north": {"uv": [0.125, 3.6875, 1.625, 5.25], "texture": "#9"},
				"east": {"uv": [0.125, 3.6875, 1.625, 5.25], "texture": "#9"},
				"south": {"uv": [0.125, 3.6875, 1.625, 5.25], "texture": "#9"},
				"west": {"uv": [0.125, 3.6875, 1.625, 5.25], "texture": "#9"},
				"up": {"uv": [0.125, 3.6875, 1.625, 5.25], "texture": "#9"},
				"down": {"uv": [0.125, 3.6875, 1.625, 5.25], "texture": "#9"}
			}
		},
		{
			"from": [7.38262, 3.35, 24.55919],
			"to": [7.43262, 3.475, 26.20919],
			"rotation": {"angle": -22.5, "axis": "y", "origin": [8.08262, 3.4125, 25.28419]},
			"faces": {
				"north": {"uv": [0.125, 3.6875, 1.625, 5.25], "texture": "#9"},
				"east": {"uv": [0.125, 3.6875, 1.625, 5.25], "texture": "#9"},
				"south": {"uv": [0.125, 3.6875, 1.625, 5.25], "texture": "#9"},
				"west": {"uv": [0.125, 3.6875, 1.625, 5.25], "texture": "#9"},
				"up": {"uv": [0.125, 3.6875, 1.625, 5.25], "texture": "#9"},
				"down": {"uv": [0.125, 3.6875, 1.625, 5.25], "texture": "#9"}
			}
		},
		{
			"from": [8.1, 3.35, 22.775],
			"to": [8.15, 3.475, 24.4],
			"rotation": {"angle": 0, "axis": "y", "origin": [-0.35, 0, 0.575]},
			"faces": {
				"north": {"uv": [0.125, 3.6875, 1.625, 5.25], "texture": "#9"},
				"east": {"uv": [0.125, 3.6875, 1.625, 5.25], "texture": "#9"},
				"south": {"uv": [0.125, 3.6875, 1.625, 5.25], "texture": "#9"},
				"west": {"uv": [0.125, 3.6875, 1.625, 5.25], "texture": "#9"},
				"up": {"uv": [0.125, 3.6875, 1.625, 5.25], "texture": "#9"},
				"down": {"uv": [0.125, 3.6875, 1.625, 5.25], "texture": "#9"}
			}
		},
		{
			"from": [7.7, 3.35, 22.775],
			"to": [7.75, 3.475, 24.4],
			"rotation": {"angle": 0, "axis": "y", "origin": [-0.35, 0, 0.575]},
			"faces": {
				"north": {"uv": [0.125, 3.6875, 1.625, 5.25], "texture": "#9"},
				"east": {"uv": [0.125, 3.6875, 1.625, 5.25], "texture": "#9"},
				"south": {"uv": [0.125, 3.6875, 1.625, 5.25], "texture": "#9"},
				"west": {"uv": [0.125, 3.6875, 1.625, 5.25], "texture": "#9"},
				"up": {"uv": [0.125, 3.6875, 1.625, 5.25], "texture": "#9"},
				"down": {"uv": [0.125, 3.6875, 1.625, 5.25], "texture": "#9"}
			}
		},
		{
			"from": [8.825, 3.35, 23.475],
			"to": [8.875, 3.475, 24.45],
			"rotation": {"angle": 22.5, "axis": "y", "origin": [10.475, 0, 24.675]},
			"faces": {
				"north": {"uv": [0.125, 3.6875, 1.625, 5.25], "texture": "#9"},
				"east": {"uv": [0.125, 3.6875, 1.625, 5.25], "texture": "#9"},
				"south": {"uv": [0.125, 3.6875, 1.625, 5.25], "texture": "#9"},
				"west": {"uv": [0.125, 3.6875, 1.625, 5.25], "texture": "#9"},
				"up": {"uv": [0.125, 3.6875, 1.625, 5.25], "texture": "#9"},
				"down": {"uv": [0.125, 3.6875, 1.625, 5.25], "texture": "#9"}
			}
		},
		{
			"from": [7.10278, 3.35, 24.23284],
			"to": [7.15278, 3.475, 25.20784],
			"rotation": {"angle": -22.5, "axis": "y", "origin": [7.32778, 3.4125, 24.72034]},
			"faces": {
				"north": {"uv": [0.125, 3.6875, 1.625, 5.25], "texture": "#9"},
				"east": {"uv": [0.125, 3.6875, 1.625, 5.25], "texture": "#9"},
				"south": {"uv": [0.125, 3.6875, 1.625, 5.25], "texture": "#9"},
				"west": {"uv": [0.125, 3.6875, 1.625, 5.25], "texture": "#9"},
				"up": {"uv": [0.125, 3.6875, 1.625, 5.25], "texture": "#9"},
				"down": {"uv": [0.125, 3.6875, 1.625, 5.25], "texture": "#9"}
			}
		},
		{
			"name": "string_0_5",
			"from": [6.9, 3.35, -7.5],
			"to": [6.95, 3.45, 22.825],
			"faces": {
				"north": {"uv": [0.375, 3.625, 1.75, 5.125], "texture": "#9"},
				"east": {"uv": [0.375, 3.625, 1.75, 5.125], "texture": "#9"},
				"south": {"uv": [0.375, 3.625, 1.75, 5.125], "texture": "#9"},
				"west": {"uv": [0.375, 3.625, 1.75, 5.125], "texture": "#9"},
				"up": {"uv": [0.375, 3.625, 1.75, 5.125], "texture": "#9"},
				"down": {"uv": [0.375, 3.625, 1.75, 5.125], "texture": "#9"}
			}
		},
		{
			"name": "string_0_0",
			"from": [8.9, 3.35, -7.5],
			"to": [8.95, 3.45, 22.825],
			"faces": {
				"north": {"uv": [0.375, 3.625, 1.75, 5.125], "texture": "#9"},
				"east": {"uv": [0.375, 3.625, 1.75, 5.125], "texture": "#9"},
				"south": {"uv": [0.375, 3.625, 1.75, 5.125], "texture": "#9"},
				"west": {"uv": [0.375, 3.625, 1.75, 5.125], "texture": "#9"},
				"up": {"uv": [0.375, 3.625, 1.75, 5.125], "texture": "#9"},
				"down": {"uv": [0.375, 3.625, 1.75, 5.125], "texture": "#9"}
			}
		},
		{
			"name": "string_0_1",
			"from": [8.5, 3.35, -7.5],
			"to": [8.55, 3.45, 22.825],
			"faces": {
				"north": {"uv": [0.375, 3.625, 1.75, 5.125], "texture": "#9"},
				"east": {"uv": [0.375, 3.625, 1.75, 5.125], "texture": "#9"},
				"south": {"uv": [0.375, 3.625, 1.75, 5.125], "texture": "#9"},
				"west": {"uv": [0.375, 3.625, 1.75, 5.125], "texture": "#9"},
				"up": {"uv": [0.375, 3.625, 1.75, 5.125], "texture": "#9"},
				"down": {"uv": [0.375, 3.625, 1.75, 5.125], "texture": "#9"}
			}
		},
		{
			"name": "string_0_2",
			"from": [8.1, 3.35, -7.5],
			"to": [8.15, 3.45, 22.825],
			"faces": {
				"north": {"uv": [0.375, 3.625, 1.75, 5.125], "texture": "#9"},
				"east": {"uv": [0.375, 3.625, 1.75, 5.125], "texture": "#9"},
				"south": {"uv": [0.375, 3.625, 1.75, 5.125], "texture": "#9"},
				"west": {"uv": [0.375, 3.625, 1.75, 5.125], "texture": "#9"},
				"up": {"uv": [0.375, 3.625, 1.75, 5.125], "texture": "#9"},
				"down": {"uv": [0.375, 3.625, 1.75, 5.125], "texture": "#9"}
			}
		},
		{
			"name": "string_0_3",
			"from": [7.7, 3.35, -7.5],
			"to": [7.75, 3.45, 22.825],
			"faces": {
				"north": {"uv": [0.375, 3.625, 1.75, 5.125], "texture": "#9"},
				"east": {"uv": [0.375, 3.625, 1.75, 5.125], "texture": "#9"},
				"south": {"uv": [0.375, 3.625, 1.75, 5.125], "texture": "#9"},
				"west": {"uv": [0.375, 3.625, 1.75, 5.125], "texture": "#9"},
				"up": {"uv": [0.375, 3.625, 1.75, 5.125], "texture": "#9"},
				"down": {"uv": [0.375, 3.625, 1.75, 5.125], "texture": "#9"}
			}
		},
		{
			"name": "string_0_4",
			"from": [7.3, 3.35, -7.5],
			"to": [7.35, 3.45, 22.825],
			"faces": {
				"north": {"uv": [0.375, 3.625, 1.75, 5.125], "texture": "#9"},
				"east": {"uv": [0.375, 3.625, 1.75, 5.125], "texture": "#9"},
				"south": {"uv": [0.375, 3.625, 1.75, 5.125], "texture": "#9"},
				"west": {"uv": [0.375, 3.625, 1.75, 5.125], "texture": "#9"},
				"up": {"uv": [0.375, 3.625, 1.75, 5.125], "texture": "#9"},
				"down": {"uv": [0.375, 3.625, 1.75, 5.125], "texture": "#9"}
			}
		},
		{
			"from": [5.675, 3, -3.225],
			"to": [10.275, 3.35, 1.2],
			"rotation": {"angle": 0, "axis": "y", "origin": [9, 3, -8.2]},
			"faces": {
				"north": {"uv": [7.25, 5.7625, 8.0625, 7.1625], "texture": "#9"},
				"east": {"uv": [9.4375, 6.1625, 10.25, 7.5625], "texture": "#9"},
				"south": {"uv": [7.125, 2.8875, 7.9375, 4.2875], "texture": "#9"},
				"west": {"uv": [9.4375, 6.1625, 10.25, 7.5625], "texture": "#9"},
				"up": {"uv": [7.85621, 13.11446, 10.23426, 15.17775], "texture": "#9"},
				"down": {"uv": [13.72813, 5.5875, 12.22508, 3.77421], "texture": "#9"}
			}
		},
		{
			"from": [4.725, 3, -5.125],
			"to": [8.65, 3.125, 0.475],
			"rotation": {"angle": 0, "axis": "y", "origin": [9, 3, -8.2]},
			"faces": {
				"north": {"uv": [7.25, 5.0625, 8.0625, 6.8125], "texture": "#9"},
				"east": {"uv": [9.4375, 5.8125, 10.25, 7.2125], "texture": "#9"},
				"south": {"uv": [7.125, 2.1875, 7.9375, 3.9375], "texture": "#9"},
				"west": {"uv": [9.4375, 5.8125, 10.25, 7.2125], "texture": "#9"},
				"up": {"uv": [11.79295, 2.84844, 13.296, 5.11505], "texture": "#9"},
				"down": {"uv": [13.35236, 5.13418, 11.84931, 2.86756], "texture": "#9"}
			}
		},
		{
			"from": [5.025, 3, -5.45],
			"to": [7.975, 3.125, 0.95],
			"rotation": {"angle": 0, "axis": "y", "origin": [9, 3, -8.2]},
			"faces": {
				"north": {"uv": [7.25, 5.0625, 8.0625, 7.1625], "texture": "#9"},
				"east": {"uv": [9.4375, 5.8125, 10.25, 6.8625], "texture": "#9"},
				"south": {"uv": [7.125, 2.1875, 7.9375, 4.2875], "texture": "#9"},
				"west": {"uv": [9.4375, 5.8125, 10.25, 6.8625], "texture": "#9"},
				"up": {"uv": [11.79295, 2.84844, 12.92024, 5.56838], "texture": "#9"},
				"down": {"uv": [12.9766, 5.5875, 11.84931, 2.86756], "texture": "#9"}
			}
		},
		{
			"from": [4.125, 3, -3.75],
			"to": [9.875, 3.125, -0.625],
			"rotation": {"angle": 0, "axis": "y", "origin": [9, 3, -8.2]},
			"faces": {
				"north": {"uv": [7.25, 5.4125, 8.0625, 6.4625], "texture": "#9"},
				"east": {"uv": [9.4375, 5.4625, 10.25, 7.5625], "texture": "#9"},
				"south": {"uv": [7.125, 2.5375, 7.9375, 3.5875], "texture": "#9"},
				"west": {"uv": [9.4375, 5.4625, 10.25, 7.5625], "texture": "#9"},
				"up": {"uv": [11.41719, 3.30176, 13.67176, 4.66173], "texture": "#9"},
				"down": {"uv": [13.72813, 4.68085, 11.47355, 3.32089], "texture": "#9"}
			}
		},
		{
			"from": [4.3, 3, -4.4],
			"to": [9.4, 3.125, 0],
			"rotation": {"angle": 0, "axis": "y", "origin": [9, 3, -8.2]},
			"faces": {
				"north": {"uv": [7.25, 5.4125, 8.0625, 6.8125], "texture": "#9"},
				"east": {"uv": [9.4375, 5.4625, 10.25, 7.2125], "texture": "#9"},
				"south": {"uv": [7.125, 2.5375, 7.9375, 3.9375], "texture": "#9"},
				"west": {"uv": [9.4375, 5.4625, 10.25, 7.2125], "texture": "#9"},
				"up": {"uv": [11.41719, 3.30176, 13.296, 5.11505], "texture": "#9"},
				"down": {"uv": [13.35236, 5.13418, 11.47355, 3.32089], "texture": "#9"}
			}
		}
	],
	"display": {
		"thirdperson_righthand": {
			"rotation": [-19, 0, 0],
			"translation": [-0.5, 4.75, 1],
			"scale": [0.7, 0.7, 0.7]
		},
		"thirdperson_lefthand": {
			"rotation": [0, 79, 0],
			"translation": [-4.5, 4, 0],
			"scale": [0.7, 0.7, 0.7]
		},
		"firstperson_righthand": {
			"rotation": [-92, -2, 0],
			"translation": [-1.5, -0.25, 0],
			"scale": [0.7, 0.69, 0.7]
		},
		"firstperson_lefthand": {
			"rotation": [-79, 62, 0],
			"translation": [-10.5, 4.5, -1],
			"scale": [0.68, 0.73, 0.73]
		},
		"ground": {
			"rotation": [-54, 0, 0],
			"translation": [1.5, 9.5, 0],
			"scale": [0.7, 0.7, 0.7]
		},
		"gui": {
			"rotation": [-79, -36, 180],
			"scale": [0.4, 0.37, 0.42]
		},
		"head": {
			"rotation": [0, -90, 90],
			"translation": [-6, -3.5, -20],
			"scale": [4, 4, 4]
		},
		"fixed": {
			"rotation": [-90, 0, 0],
			"translation": [0, -19.25, -16.5],
			"scale": [2, 2, 2]
		}
	},
	"groups": [
		{
			"name": "body",
			"origin": [0, 2, 1.975],
			"color": 9,
			"nbt": "{}",
			"armAnimationEnabled": false,
			"children": [
				0,
				{
					"name": "back",
					"origin": [0, 2, -13.25],
					"color": 9,
					"nbt": "{}",
					"armAnimationEnabled": false,
					"children": [1, 2, 3, 4, 5, 6, 7, 8, 9, 10, 11, 12, 13, 14, 15, 16]
				},
				{
					"name": "head",
					"origin": [8, 8, 8],
					"color": 3,
					"nbt": "{}",
					"armAnimationEnabled": false,
					"children": [17, 18, 19, 20]
				}
			]
		},
		{
			"name": "neck-group",
			"origin": [8, 8, 8],
			"color": 0,
			"nbt": "{}",
			"armAnimationEnabled": false,
			"children": [
				{
					"name": "fret-board",
					"origin": [8, 8, 8],
					"color": 0,
					"nbt": "{}",
					"armAnimationEnabled": false,
					"children": [
						{
							"name": "frets",
							"origin": [8, 8, 8],
							"color": 0,
							"nbt": "{}",
							"armAnimationEnabled": false,
							"children": [21, 22, 23, 24, 25, 26, 27, 28, 29, 30, 31, 32, 33, 34, 35, 36, 37, 38]
						},
						{
							"name": "inlyes",
							"origin": [8, 8, 8],
							"color": 0,
							"nbt": "{}",
							"armAnimationEnabled": false,
							"children": [39, 40, 41, 42, 43, 44, 45, 46]
						}
					]
				}
			]
		},
		{
			"name": "additions",
			"origin": [0, 2, 1.975],
			"color": 0,
			"nbt": "{}",
			"armAnimationEnabled": false,
			"children": [
				{
					"name": "bridge",
					"origin": [0, 2, 1.975],
					"color": 0,
					"nbt": "{}",
					"armAnimationEnabled": false,
					"children": [
						{
							"name": "back",
							"origin": [0, 2, 1.975],
							"color": 0,
							"nbt": "{}",
							"armAnimationEnabled": false,
							"children": [47, 48, 49]
						},
						50,
						{
							"name": "pins",
							"origin": [8, 8, 8],
							"color": 0,
							"nbt": "{}",
							"armAnimationEnabled": false,
							"children": [51, 52, 53, 54, 55, 56]
						}
					]
				},
				{
					"name": "tunning",
					"origin": [7.4, 1.2, 26.75],
					"color": 0,
					"nbt": "{}",
					"armAnimationEnabled": false,
					"children": [
						{
							"name": "tunning-keys",
							"origin": [7.4, 1.2, 26.75],
							"color": 0,
							"nbt": "{}",
							"armAnimationEnabled": false,
							"children": [
								{
									"name": "cubes",
									"origin": [8, 8, 8],
									"color": 0,
									"nbt": "{}",
									"armAnimationEnabled": false,
									"children": [57, 58, 59]
								},
								{
									"name": "cubes",
									"origin": [8, 8, 8],
									"color": 0,
									"nbt": "{}",
									"armAnimationEnabled": false,
									"children": [60, 61, 62]
								},
								{
									"name": "cubes",
									"origin": [8, 8, 8],
									"color": 0,
									"nbt": "{}",
									"armAnimationEnabled": false,
									"children": [63, 64, 65]
								},
								{
									"name": "cubes",
									"origin": [8, 8, 8],
									"color": 0,
									"nbt": "{}",
									"armAnimationEnabled": false,
									"children": [66, 67, 68]
								}
							]
						},
						{
							"name": "pins",
							"origin": [8, 8, 8],
							"color": 0,
							"nbt": "{}",
							"armAnimationEnabled": false,
							"children": [69, 70, 71, 72, 73, 74]
						},
						{
							"name": "strings",
							"origin": [7.4, 1.2, 26.75],
							"color": 0,
							"nbt": "{}",
							"armAnimationEnabled": false,
							"children": [75, 76, 77, 78, 79, 80, 81, 82, 83, 84]
						}
					]
				},
				{
					"name": "strings",
					"origin": [8, 8, 8],
					"color": 0,
					"nbt": "{}",
					"armAnimationEnabled": false,
					"children": [85, 86, 87, 88, 89, 90]
				},
				{
					"name": "soundhole",
					"origin": [7.4, 1.2, 26.75],
					"color": 0,
					"nbt": "{}",
					"armAnimationEnabled": false,
					"children": [91, 92, 93, 94, 95]
				}
			]
		}
	]
}