{
	"credit": "Made with Blockbench",
	"textures": {
		"1": "electric/guitartop",
		"4": "electric/electrictop",
		"5": "electric/grill",
		"6": "acoustic/texture5",
		"7": "acoustic/acousticbody",
		"particle": "acoustic/acousticbody"
	},
	"elements": [
		{
			"from": [2.95, 0.5, -5.05],
			"to": [13.075, 3, -3.275],
			"rotation": {"angle": 0, "axis": "y", "origin": [0, 1, -9]},
			"faces": {
				"north": {"uv": [0, 0, 16, 16], "texture": "#4", "cullface": "up"},
				"east": {"uv": [0, 0, 16, 16], "texture": "#5", "cullface": "up"},
				"south": {"uv": [0, 0, 16, 16], "texture": "#5", "cullface": "up"},
				"west": {"uv": [0, 0, 16, 16], "texture": "#5", "cullface": "up"},
				"up": {"uv": [0, 0, 16, 16], "texture": "#4", "cullface": "up"},
				"down": {"uv": [0, 0, 16, 16], "texture": "#4", "cullface": "up"}
			}
		},
		{
			"from": [2.375, 0.5, -7.5],
			"to": [13.775, 3, -4.95],
			"rotation": {"angle": 0, "axis": "y", "origin": [0, 1, -9]},
			"faces": {
				"north": {"uv": [0, 0, 16, 16], "texture": "#4", "cullface": "up"},
				"east": {"uv": [0, 0, 16, 16], "texture": "#5", "cullface": "up"},
				"south": {"uv": [0, 0, 16, 16], "texture": "#5", "cullface": "up"},
				"west": {"uv": [0, 0, 16, 16], "texture": "#5", "cullface": "up"},
				"up": {"uv": [0, 0, 16, 16], "texture": "#4", "cullface": "up"},
				"down": {"uv": [0, 0, 16, 16], "texture": "#4", "cullface": "up"}
			}
		},
		{
			"from": [3.475, 0.5, -3.3],
			"to": [12.65, 3, -0.725],
			"rotation": {"angle": 0, "axis": "y", "origin": [0, 1, -7.025]},
			"faces": {
				"north": {"uv": [0, 0, 16, 16], "texture": "#4", "cullface": "up"},
				"east": {"uv": [0, 0, 16, 16], "texture": "#5", "cullface": "up"},
				"south": {"uv": [0, 0, 16, 16], "texture": "#4", "cullface": "up"},
				"west": {"uv": [0, 0, 16, 16], "texture": "#5", "cullface": "up"},
				"up": {"uv": [0, 0, 16, 16], "texture": "#4", "cullface": "up"},
				"down": {"uv": [0, 0, 16, 16], "texture": "#4", "cullface": "up"}
			}
		},
		{
			"from": [3.2, 0.5, -0.8],
			"to": [12.875, 3, 1.85],
			"rotation": {"angle": 0, "axis": "y", "origin": [-0.55, 1, -0.75]},
			"faces": {
				"north": {"uv": [0, 0, 16, 16], "texture": "#5", "cullface": "up"},
				"east": {"uv": [0, 0, 16, 16], "texture": "#5", "cullface": "up"},
				"south": {"uv": [0, 0, 16, 16], "texture": "#5", "cullface": "up"},
				"west": {"uv": [0, 0, 16, 16], "texture": "#5", "cullface": "up"},
				"up": {"uv": [0, 0, 16, 16], "texture": "#4", "cullface": "up"},
				"down": {"uv": [0, 0, 16, 16], "texture": "#4", "cullface": "up"}
			}
		},
		{
			"from": [3.475, 0.5, 1.775],
			"to": [12.6, 3, 3.2],
			"rotation": {"angle": 0, "axis": "y", "origin": [-2.075, 1, 1.45]},
			"faces": {
				"north": {"uv": [0, 0, 16, 16], "texture": "#4", "cullface": "up"},
				"east": {"uv": [0, 0, 16, 16], "texture": "#5", "cullface": "up"},
				"south": {"uv": [0, 0, 16, 16], "texture": "#5", "cullface": "up"},
				"west": {"uv": [0, 0, 16, 16], "texture": "#5", "cullface": "up"},
				"up": {"uv": [0, 0, 16, 16], "texture": "#4", "cullface": "up"},
				"down": {"uv": [0, 0, 16, 16], "texture": "#4", "cullface": "up"}
			}
		},
		{
			"from": [3.725, 0.5, 3.2],
			"to": [12, 3, 4.025],
			"rotation": {"angle": 0, "axis": "y", "origin": [-1.875, 1, 2.2]},
			"faces": {
				"north": {"uv": [0, 0, 16, 16], "texture": "#4", "cullface": "up"},
				"east": {"uv": [0, 0, 16, 16], "texture": "#5", "cullface": "up"},
				"south": {"uv": [0, 0, 16, 16], "texture": "#5", "cullface": "up"},
				"west": {"uv": [0, 0, 16, 16], "texture": "#5", "cullface": "up"},
				"up": {"uv": [0, 0, 16, 16], "texture": "#4", "cullface": "up"},
				"down": {"uv": [0, 0, 16, 16], "texture": "#4", "cullface": "up"}
			}
		},
		{
			"from": [5.925, 0.5, 4],
			"to": [10.2, 3, 4.6],
			"rotation": {"angle": 0, "axis": "y", "origin": [-1.775, 1, 2.2]},
			"faces": {
				"north": {"uv": [0, 0, 16, 16], "texture": "#4", "cullface": "up"},
				"east": {"uv": [0, 0, 16, 16], "texture": "#5", "cullface": "up"},
				"south": {"uv": [0, 0, 16, 16], "texture": "#5", "cullface": "up"},
				"west": {"uv": [0, 0, 16, 16], "texture": "#5", "cullface": "up"},
				"up": {"uv": [0, 0, 16, 16], "texture": "#4", "cullface": "up"},
				"down": {"uv": [0, 0, 16, 16], "texture": "#4", "cullface": "up"}
			}
		},
		{
			"from": [1.95, 0.5, -10.525],
			"to": [14, 3, -7.5],
			"rotation": {"angle": 0, "axis": "y", "origin": [0, 1, -19]},
			"faces": {
				"north": {"uv": [0, 0, 16, 16], "texture": "#5", "cullface": "up"},
				"east": {"uv": [0, 0, 16, 16], "texture": "#5", "cullface": "up"},
				"south": {"uv": [0, 0, 16, 16], "texture": "#5", "cullface": "up"},
				"west": {"uv": [0, 0, 16, 16], "texture": "#5", "cullface": "up"},
				"up": {"uv": [0, 0, 16, 16], "texture": "#4", "cullface": "up"},
				"down": {"uv": [0, 0, 16, 16], "texture": "#4", "cullface": "up"}
			}
		},
		{
			"from": [2.75, 0.5, -11.25],
			"to": [13.25, 3, -10.5],
			"rotation": {"angle": 0, "axis": "y", "origin": [0, 1, -21.5]},
			"faces": {
				"north": {"uv": [0, 0, 16, 16], "texture": "#5", "cullface": "up"},
				"east": {"uv": [0, 0, 16, 16], "texture": "#5", "cullface": "up"},
				"south": {"uv": [0, 0, 16, 16], "texture": "#4", "cullface": "up"},
				"west": {"uv": [0, 0, 16, 16], "texture": "#5", "cullface": "up"},
				"up": {"uv": [0, 0, 16, 16], "texture": "#4", "cullface": "up"},
				"down": {"uv": [0, 0, 16, 16], "texture": "#4", "cullface": "up"}
			}
		},
		{
			"from": [3.575, 0.5, -11.75],
			"to": [12.5, 3, -11.25],
			"rotation": {"angle": 0, "axis": "y", "origin": [0, 1, -22.25]},
			"faces": {
				"north": {"uv": [0, 0, 16, 16], "texture": "#5", "cullface": "up"},
				"east": {"uv": [0, 0, 16, 16], "texture": "#5", "cullface": "up"},
				"south": {"uv": [0, 0, 16, 16], "texture": "#4", "cullface": "up"},
				"west": {"uv": [0, 0, 16, 16], "texture": "#5", "cullface": "up"},
				"up": {"uv": [0, 0, 16, 16], "texture": "#4", "cullface": "up"},
				"down": {"uv": [0, 0, 16, 16], "texture": "#4", "cullface": "up"}
			}
		},
		{
			"from": [4.6, 0.5, -12.25],
			"to": [11.5, 3, -11.75],
			"rotation": {"angle": 0, "axis": "y", "origin": [0, 1, -22.75]},
			"faces": {
				"north": {"uv": [0, 0, 16, 16], "texture": "#5", "cullface": "up"},
				"east": {"uv": [0, 0, 16, 16], "texture": "#5", "cullface": "up"},
				"south": {"uv": [0, 0, 16, 16], "texture": "#4", "cullface": "up"},
				"west": {"uv": [0, 0, 16, 16], "texture": "#5", "cullface": "up"},
				"up": {"uv": [0, 0, 16, 16], "texture": "#4", "cullface": "up"},
				"down": {"uv": [0, 0, 16, 16], "texture": "#4", "cullface": "up"}
			}
		},
		{
			"from": [6.75, 2.45, 1],
			"to": [9.25, 3.1, 22.5],
			"rotation": {"angle": 0, "axis": "y", "origin": [8, 1.2, 4]},
			"faces": {
				"north": {"uv": [0, 0, 16, 16], "texture": "#5"},
				"east": {"uv": [0, 0, 16, 16], "texture": "#5"},
				"south": {"uv": [0, 0, 16, 16], "texture": "#5"},
				"west": {"uv": [0, 0, 16, 16], "texture": "#5"},
				"up": {"uv": [0, 0, 16, 16], "texture": "#5"},
				"down": {"uv": [0, 0, 16, 16], "texture": "#5"}
			}
		},
		{
			"from": [6.725, 2.2, 22.45],
			"to": [9.225, 3.2, 22.75],
			"rotation": {"angle": 0, "axis": "y", "origin": [8, 1.2, 22.45]},
			"faces": {
				"north": {"uv": [0, 0, 16, 16], "texture": "#4"},
				"east": {"uv": [0, 0, 16, 16], "texture": "#4"},
				"south": {"uv": [0, 0, 16, 16], "texture": "#4"},
				"west": {"uv": [0, 0, 16, 16], "texture": "#4"},
				"up": {"uv": [0, 0, 16, 16], "texture": "#4"},
				"down": {"uv": [0, 0, 16, 16], "texture": "#4"}
			}
		},
		{
			"from": [6.625, 2.475, 22.725],
			"to": [9.275, 3.2, 22.975],
			"rotation": {"angle": 0, "axis": "y", "origin": [8, 1.2, 22.725]},
			"faces": {
				"north": {"uv": [0, 0, 16, 16], "texture": "#4"},
				"east": {"uv": [0, 0, 16, 16], "texture": "#4"},
				"south": {"uv": [0, 0, 16, 16], "texture": "#4"},
				"west": {"uv": [0, 0, 16, 16], "texture": "#4"},
				"up": {"uv": [0, 0, 16, 16], "texture": "#4"},
				"down": {"uv": [0, 0, 16, 16], "texture": "#4"}
			}
		},
		{
			"from": [6.575, 2.5, 25.7],
			"to": [9.375, 3.2, 26.2],
			"rotation": {"angle": 0, "axis": "y", "origin": [8, 1.2, 22.45]},
			"faces": {
				"north": {"uv": [0, 0, 16, 16], "texture": "#4"},
				"east": {"uv": [0, 0, 16, 16], "texture": "#4"},
				"south": {"uv": [0, 0, 16, 16], "texture": "#4"},
				"west": {"uv": [0, 0, 16, 16], "texture": "#4"},
				"up": {"uv": [0, 0, 16, 16], "texture": "#4"},
				"down": {"uv": [0, 0, 16, 16], "texture": "#4"}
			}
		},
		{
			"from": [6.85, 2.5, 26.2],
			"to": [9, 3.2, 26.7],
			"rotation": {"angle": 0, "axis": "y", "origin": [8, 1.2, 22.95]},
			"faces": {
				"north": {"uv": [0, 0, 16, 16], "texture": "#4"},
				"east": {"uv": [0, 0, 16, 16], "texture": "#4"},
				"south": {"uv": [0, 0, 16, 16], "texture": "#4"},
				"west": {"uv": [0, 0, 16, 16], "texture": "#4"},
				"up": {"uv": [0, 0, 16, 16], "texture": "#4"},
				"down": {"uv": [0, 0, 16, 16], "texture": "#4"}
			}
		},
		{
			"from": [7.1, 2.5, 26.675],
			"to": [8.8, 3.2, 26.975],
			"rotation": {"angle": 0, "axis": "y", "origin": [8, 1.2, 23.425]},
			"faces": {
				"north": {"uv": [0, 0, 16, 16], "texture": "#4"},
				"east": {"uv": [0, 0, 16, 16], "texture": "#4"},
				"south": {"uv": [0, 0, 16, 16], "texture": "#4"},
				"west": {"uv": [0, 0, 16, 16], "texture": "#4"},
				"up": {"uv": [0, 0, 16, 16], "texture": "#4"},
				"down": {"uv": [0, 0, 16, 16], "texture": "#4"}
			}
		},
		{
			"from": [7.9, 2.6, 22.95],
			"to": [8.05, 3.2, 25.725],
			"rotation": {"angle": 0, "axis": "y", "origin": [7.925, 1.2, 25.55]},
			"faces": {
				"north": {"uv": [0, 0, 16, 16], "texture": "#4"},
				"east": {"uv": [0, 0, 16, 16], "texture": "#4"},
				"south": {"uv": [0, 0, 16, 16], "texture": "#4"},
				"west": {"uv": [0, 0, 16, 16], "texture": "#4"},
				"up": {"uv": [0, 0, 16, 16], "texture": "#4"},
				"down": {"uv": [0, 0, 16, 16], "texture": "#4"}
			}
		},
		{
			"from": [9, 2.6, 22.95],
			"to": [9.375, 3.2, 25.725],
			"rotation": {"angle": 0, "axis": "y", "origin": [9, 1.2, 25.55]},
			"faces": {
				"north": {"uv": [0, 0, 16, 16], "texture": "#4"},
				"east": {"uv": [0, 0, 16, 16], "texture": "#4"},
				"south": {"uv": [0, 0, 16, 16], "texture": "#4"},
				"west": {"uv": [0, 0, 16, 16], "texture": "#4"},
				"up": {"uv": [0, 0, 16, 16], "texture": "#4"},
				"down": {"uv": [0, 0, 16, 16], "texture": "#4"}
			}
		},
		{
			"from": [6.55, 2.6, 22.95],
			"to": [6.9, 3.2, 25.725],
			"rotation": {"angle": 0, "axis": "y", "origin": [6.625, 1.2, 25.55]},
			"faces": {
				"north": {"uv": [0, 0, 16, 16], "texture": "#4"},
				"east": {"uv": [0, 0, 16, 16], "texture": "#4"},
				"south": {"uv": [0, 0, 16, 16], "texture": "#4"},
				"west": {"uv": [0, 0, 16, 16], "texture": "#4"},
				"up": {"uv": [0, 0, 16, 16], "texture": "#4"},
				"down": {"uv": [0, 0, 16, 16], "texture": "#4"}
			}
		},
		{
			"from": [8.75, 3.35, -7.375],
			"to": [8.8, 3.45, 22.9],
			"rotation": {"angle": 0, "axis": "y", "origin": [8.1, 4.15, 23]},
			"faces": {
				"north": {"uv": [30, 46, 30, 46], "texture": "#1"},
				"east": {"uv": [0, 46, 30, 46], "texture": "#1"},
				"south": {"uv": [60, 46, 60, 46], "texture": "#1"},
				"west": {"uv": [30, 46, 60, 46], "texture": "#1"},
				"up": {"uv": [0, 0, 16, 16], "texture": "#1"},
				"down": {"uv": [30, 16, 30, 46], "texture": "#1"}
			}
		},
		{
			"from": [8.475, 3.35, -7.375],
			"to": [8.525, 3.45, 22.9],
			"rotation": {"angle": 0, "axis": "y", "origin": [7.825, 4.15, 23]},
			"faces": {
				"north": {"uv": [30, 46, 30, 46], "texture": "#1"},
				"east": {"uv": [0, 46, 30, 46], "texture": "#1"},
				"south": {"uv": [60, 46, 60, 46], "texture": "#1"},
				"west": {"uv": [30, 46, 60, 46], "texture": "#1"},
				"up": {"uv": [0, 0, 16, 16], "texture": "#1"},
				"down": {"uv": [30, 16, 30, 46], "texture": "#1"}
			}
		},
		{
			"from": [8.225, 3.35, -7.375],
			"to": [8.275, 3.45, 24.475],
			"rotation": {"angle": 0, "axis": "y", "origin": [7.575, 4.15, 23]},
			"faces": {
				"north": {"uv": [31, 47, 31, 47], "texture": "#1"},
				"east": {"uv": [0, 47, 31, 47], "texture": "#1"},
				"south": {"uv": [62, 47, 62, 47], "texture": "#1"},
				"west": {"uv": [31, 47, 62, 47], "texture": "#1"},
				"up": {"uv": [0, 0, 16, 16], "texture": "#1"},
				"down": {"uv": [31, 16, 31, 47], "texture": "#1"}
			}
		},
		{
			"from": [7.375, 3.35, -7.375],
			"to": [7.425, 3.45, 22.9],
			"rotation": {"angle": 0, "axis": "y", "origin": [6.725, 4.15, 23]},
			"faces": {
				"north": {"uv": [30, 46, 30, 46], "texture": "#1"},
				"east": {"uv": [0, 46, 30, 46], "texture": "#1"},
				"south": {"uv": [60, 46, 60, 46], "texture": "#1"},
				"west": {"uv": [30, 46, 60, 46], "texture": "#1"},
				"up": {"uv": [0, 0, 16, 16], "texture": "#1"},
				"down": {"uv": [30, 16, 30, 46], "texture": "#1"}
			}
		},
		{
			"from": [7.65, 3.35, -7.375],
			"to": [7.7, 3.45, 24.5],
			"rotation": {"angle": 0, "axis": "y", "origin": [7, 4.15, 23]},
			"faces": {
				"north": {"uv": [32, 48, 32, 48], "texture": "#1"},
				"east": {"uv": [0, 48, 32, 48], "texture": "#1"},
				"south": {"uv": [64, 48, 64, 48], "texture": "#1"},
				"west": {"uv": [32, 48, 64, 48], "texture": "#1"},
				"up": {"uv": [0, 0, 16, 16], "texture": "#1"},
				"down": {"uv": [32, 16, 32, 48], "texture": "#1"}
			}
		},
		{
			"from": [7.125, 3.35, -7.375],
			"to": [7.175, 3.45, 22.9],
			"rotation": {"angle": 0, "axis": "y", "origin": [6.475, 4.15, 23]},
			"faces": {
				"north": {"uv": [30, 46, 30, 46], "texture": "#1"},
				"east": {"uv": [0, 46, 30, 46], "texture": "#1"},
				"south": {"uv": [60, 46, 60, 46], "texture": "#1"},
				"west": {"uv": [30, 46, 60, 46], "texture": "#1"},
				"up": {"uv": [0, 0, 16, 16], "texture": "#1"},
				"down": {"uv": [30, 16, 30, 46], "texture": "#1"}
			}
		},
		{
			"from": [6.2, 2.7, 23.325],
			"to": [9.7, 2.925, 23.475],
			"rotation": {"angle": 0, "axis": "y", "origin": [7.825, 1.925, 23.325]},
			"faces": {
				"north": {"uv": [0, 0, 16, 16], "texture": "#1"},
				"east": {"uv": [0, 0, 16, 16], "texture": "#1"},
				"south": {"uv": [0, 0, 16, 16], "texture": "#1"},
				"west": {"uv": [0, 0, 16, 16], "texture": "#1"},
				"up": {"uv": [0, 0, 16, 16], "texture": "#1"},
				"down": {"uv": [0, 0, 16, 16], "texture": "#1"}
			}
		},
		{
			"from": [7.125, 3.05, 23.975],
			"to": [7.175, 3.875, 24.05],
			"rotation": {"angle": -45, "axis": "x", "origin": [7.9, 2.275, 23.975]},
			"faces": {
				"north": {"uv": [0, 0, 16, 16], "texture": "#1"},
				"east": {"uv": [0, 0, 16, 16], "texture": "#1"},
				"south": {"uv": [0, 0, 16, 16], "texture": "#1"},
				"west": {"uv": [0, 0, 16, 16], "texture": "#1"},
				"up": {"uv": [0, 0, 16, 16], "texture": "#1"},
				"down": {"uv": [0, 0, 16, 16], "texture": "#1"}
			}
		},
		{
			"from": [7.375, 2.9, 22.775],
			"to": [7.425, 2.975, 24.325],
			"rotation": {"angle": 22.5, "axis": "x", "origin": [8.15, 2.9, 23.975]},
			"faces": {
				"north": {"uv": [0, 0, 16, 16], "texture": "#1"},
				"east": {"uv": [0, 0, 16, 16], "texture": "#1"},
				"south": {"uv": [0, 0, 16, 16], "texture": "#1"},
				"west": {"uv": [0, 0, 16, 16], "texture": "#1"},
				"up": {"uv": [0, 0, 16, 16], "texture": "#1"},
				"down": {"uv": [0, 0, 16, 16], "texture": "#1"}
			}
		},
		{
			"from": [8.225, 2.95, 24.25],
			"to": [8.275, 3, 25.325],
			"rotation": {"angle": 45, "axis": "x", "origin": [9, 2.95, 24.9]},
			"faces": {
				"north": {"uv": [0, 0, 16, 16], "texture": "#1"},
				"east": {"uv": [0, 0, 16, 16], "texture": "#1"},
				"south": {"uv": [0, 0, 16, 16], "texture": "#1"},
				"west": {"uv": [0, 0, 16, 16], "texture": "#1"},
				"up": {"uv": [0, 0, 16, 16], "texture": "#1"},
				"down": {"uv": [0, 0, 16, 16], "texture": "#1"}
			}
		},
		{
			"from": [7.65, 2.95, 24.25],
			"to": [7.7, 3, 25.325],
			"rotation": {"angle": 45, "axis": "x", "origin": [8.425, 2.95, 24.9]},
			"faces": {
				"north": {"uv": [0, 0, 16, 16], "texture": "#1"},
				"east": {"uv": [0, 0, 16, 16], "texture": "#1"},
				"south": {"uv": [0, 0, 16, 16], "texture": "#1"},
				"west": {"uv": [0, 0, 16, 16], "texture": "#1"},
				"up": {"uv": [0, 0, 16, 16], "texture": "#1"},
				"down": {"uv": [0, 0, 16, 16], "texture": "#1"}
			}
		},
		{
			"from": [8.475, 2.9, 22.775],
			"to": [8.525, 2.975, 24.325],
			"rotation": {"angle": 22.5, "axis": "x", "origin": [9.25, 2.9, 23.975]},
			"faces": {
				"north": {"uv": [0, 0, 16, 16], "texture": "#1"},
				"east": {"uv": [0, 0, 16, 16], "texture": "#1"},
				"south": {"uv": [0, 0, 16, 16], "texture": "#1"},
				"west": {"uv": [0, 0, 16, 16], "texture": "#1"},
				"up": {"uv": [0, 0, 16, 16], "texture": "#1"},
				"down": {"uv": [0, 0, 16, 16], "texture": "#1"}
			}
		},
		{
			"from": [8.75, 3.05, 23.975],
			"to": [8.8, 3.875, 24.05],
			"rotation": {"angle": -45, "axis": "x", "origin": [9.525, 2.275, 23.975]},
			"faces": {
				"north": {"uv": [0, 0, 16, 16], "texture": "#1"},
				"east": {"uv": [0, 0, 16, 16], "texture": "#1"},
				"south": {"uv": [0, 0, 16, 16], "texture": "#1"},
				"west": {"uv": [0, 0, 16, 16], "texture": "#1"},
				"up": {"uv": [0, 0, 16, 16], "texture": "#1"},
				"down": {"uv": [0, 0, 16, 16], "texture": "#1"}
			}
		},
		{
			"from": [6.05, 2.55, 23.225],
			"to": [6.25, 3.125, 23.65],
			"rotation": {"angle": 0, "axis": "y", "origin": [6.875, 1.625, 23.35]},
			"faces": {
				"north": {"uv": [0, 0, 16, 16], "texture": "#1"},
				"east": {"uv": [0, 0, 16, 16], "texture": "#1"},
				"south": {"uv": [0, 0, 16, 16], "texture": "#1"},
				"west": {"uv": [0, 0, 16, 16], "texture": "#1"},
				"up": {"uv": [0, 0, 16, 16], "texture": "#1"},
				"down": {"uv": [0, 0, 16, 16], "texture": "#1"}
			}
		},
		{
			"from": [6.05, 2.55, 24.125],
			"to": [6.25, 3.125, 24.55],
			"rotation": {"angle": 0, "axis": "y", "origin": [6.875, 1.625, 24.25]},
			"faces": {
				"north": {"uv": [0, 0, 16, 16], "texture": "#1"},
				"east": {"uv": [0, 0, 16, 16], "texture": "#1"},
				"south": {"uv": [0, 0, 16, 16], "texture": "#1"},
				"west": {"uv": [0, 0, 16, 16], "texture": "#1"},
				"up": {"uv": [0, 0, 16, 16], "texture": "#1"},
				"down": {"uv": [0, 0, 16, 16], "texture": "#1"}
			}
		},
		{
			"from": [6.05, 2.55, 24.975],
			"to": [6.25, 3.125, 25.4],
			"rotation": {"angle": 0, "axis": "y", "origin": [6.875, 1.625, 25.1]},
			"faces": {
				"north": {"uv": [0, 0, 16, 16], "texture": "#1"},
				"east": {"uv": [0, 0, 16, 16], "texture": "#1"},
				"south": {"uv": [0, 0, 16, 16], "texture": "#1"},
				"west": {"uv": [0, 0, 16, 16], "texture": "#1"},
				"up": {"uv": [0, 0, 16, 16], "texture": "#1"},
				"down": {"uv": [0, 0, 16, 16], "texture": "#1"}
			}
		},
		{
			"from": [9.575, 2.55, 24.975],
			"to": [9.775, 3.125, 25.4],
			"rotation": {"angle": 0, "axis": "y", "origin": [10.4, 1.625, 25.1]},
			"faces": {
				"north": {"uv": [0, 0, 16, 16], "texture": "#1"},
				"east": {"uv": [0, 0, 16, 16], "texture": "#1"},
				"south": {"uv": [0, 0, 16, 16], "texture": "#1"},
				"west": {"uv": [0, 0, 16, 16], "texture": "#1"},
				"up": {"uv": [0, 0, 16, 16], "texture": "#1"},
				"down": {"uv": [0, 0, 16, 16], "texture": "#1"}
			}
		},
		{
			"from": [9.575, 2.55, 24.1],
			"to": [9.775, 3.125, 24.525],
			"rotation": {"angle": 0, "axis": "y", "origin": [10.4, 1.625, 24.225]},
			"faces": {
				"north": {"uv": [0, 0, 16, 16], "texture": "#1"},
				"east": {"uv": [0, 0, 16, 16], "texture": "#1"},
				"south": {"uv": [0, 0, 16, 16], "texture": "#1"},
				"west": {"uv": [0, 0, 16, 16], "texture": "#1"},
				"up": {"uv": [0, 0, 16, 16], "texture": "#1"},
				"down": {"uv": [0, 0, 16, 16], "texture": "#1"}
			}
		},
		{
			"from": [9.575, 2.55, 23.2],
			"to": [9.775, 3.125, 23.625],
			"rotation": {"angle": 0, "axis": "y", "origin": [10.4, 1.625, 23.325]},
			"faces": {
				"north": {"uv": [0, 0, 16, 16], "texture": "#1"},
				"east": {"uv": [0, 0, 16, 16], "texture": "#1"},
				"south": {"uv": [0, 0, 16, 16], "texture": "#1"},
				"west": {"uv": [0, 0, 16, 16], "texture": "#1"},
				"up": {"uv": [0, 0, 16, 16], "texture": "#1"},
				"down": {"uv": [0, 0, 16, 16], "texture": "#1"}
			}
		},
		{
			"from": [6.2, 2.7, 24.225],
			"to": [9.7, 2.85, 24.35],
			"rotation": {"angle": 0, "axis": "y", "origin": [7.825, 1.925, 24.225]},
			"faces": {
				"north": {"uv": [0, 0, 16, 16], "texture": "#1"},
				"east": {"uv": [0, 0, 16, 16], "texture": "#1"},
				"south": {"uv": [0, 0, 16, 16], "texture": "#1"},
				"west": {"uv": [0, 0, 16, 16], "texture": "#1"},
				"up": {"uv": [0, 0, 16, 16], "texture": "#1"},
				"down": {"uv": [0, 0, 16, 16], "texture": "#1"}
			}
		},
		{
			"from": [6.2, 2.7, 25.075],
			"to": [9.7, 2.775, 25.225],
			"rotation": {"angle": 0, "axis": "y", "origin": [7.825, 1.925, 25.075]},
			"faces": {
				"north": {"uv": [0, 0, 16, 16], "texture": "#1"},
				"east": {"uv": [0, 0, 16, 16], "texture": "#1"},
				"south": {"uv": [0, 0, 16, 16], "texture": "#1"},
				"west": {"uv": [0, 0, 16, 16], "texture": "#1"},
				"up": {"uv": [0, 0, 16, 16], "texture": "#1"},
				"down": {"uv": [0, 0, 16, 16], "texture": "#1"}
			}
		},
		{
			"from": [6.025, 3, -7.5],
			"to": [6.625, 3.15, -6.8],
			"rotation": {"angle": 0, "axis": "y", "origin": [9, 3, -8.2]},
			"faces": {
				"north": {"uv": [0, 0, 16, 16], "texture": "#5"},
				"east": {"uv": [0, 0, 16, 16], "texture": "#5"},
				"south": {"uv": [0, 0, 16, 16], "texture": "#5"},
				"west": {"uv": [0, 0, 16, 16], "texture": "#5"},
				"up": {"uv": [0, 0, 16, 16], "texture": "#5"},
				"down": {"uv": [0, 0, 16, 16], "texture": "#5"}
			}
		},
		{
			"from": [9.375, 3, -7.5],
			"to": [9.875, 3.15, -6.8],
			"rotation": {"angle": 0, "axis": "y", "origin": [9, 3, -8.2]},
			"faces": {
				"north": {"uv": [0, 0, 16, 16], "texture": "#5"},
				"east": {"uv": [0, 0, 16, 16], "texture": "#5"},
				"south": {"uv": [0, 0, 16, 16], "texture": "#5"},
				"west": {"uv": [0, 0, 16, 16], "texture": "#5"},
				"up": {"uv": [0, 0, 16, 16], "texture": "#5"},
				"down": {"uv": [0, 0, 16, 16], "texture": "#5"}
			}
		},
		{
			"from": [8.7, 3.225, -7.45],
			"to": [8.85, 3.6, -7.3],
			"rotation": {"angle": 0, "axis": "y", "origin": [9, 3, -8.2]},
			"faces": {
				"north": {"uv": [0, 0, 16, 16], "texture": "#1"},
				"east": {"uv": [0, 0, 16, 16], "texture": "#1"},
				"south": {"uv": [0, 0, 16, 16], "texture": "#1"},
				"west": {"uv": [0, 0, 16, 16], "texture": "#1"},
				"up": {"uv": [0, 0, 16, 16], "texture": "#1"},
				"down": {"uv": [0, 0, 16, 16], "texture": "#1"}
			}
		},
		{
			"from": [8.4, 3.225, -7.45],
			"to": [8.55, 3.6, -7.3],
			"rotation": {"angle": 0, "axis": "y", "origin": [9, 3, -8.2]},
			"faces": {
				"north": {"uv": [0, 0, 16, 16], "texture": "#1"},
				"east": {"uv": [0, 0, 16, 16], "texture": "#1"},
				"south": {"uv": [0, 0, 16, 16], "texture": "#1"},
				"west": {"uv": [0, 0, 16, 16], "texture": "#1"},
				"up": {"uv": [0, 0, 16, 16], "texture": "#1"},
				"down": {"uv": [0, 0, 16, 16], "texture": "#1"}
			}
		},
		{
			"from": [8.175, 3.225, -7.45],
			"to": [8.325, 3.6, -7.3],
			"rotation": {"angle": 0, "axis": "y", "origin": [9.075, 3, -8.2]},
			"faces": {
				"north": {"uv": [0, 0, 16, 16], "texture": "#1"},
				"east": {"uv": [0, 0, 16, 16], "texture": "#1"},
				"south": {"uv": [0, 0, 16, 16], "texture": "#1"},
				"west": {"uv": [0, 0, 16, 16], "texture": "#1"},
				"up": {"uv": [0, 0, 16, 16], "texture": "#1"},
				"down": {"uv": [0, 0, 16, 16], "texture": "#1"}
			}
		},
		{
			"from": [7.6, 3.225, -7.45],
			"to": [7.75, 3.6, -7.3],
			"rotation": {"angle": 0, "axis": "y", "origin": [8.9, 3, -8.2]},
			"faces": {
				"north": {"uv": [0, 0, 16, 16], "texture": "#1"},
				"east": {"uv": [0, 0, 16, 16], "texture": "#1"},
				"south": {"uv": [0, 0, 16, 16], "texture": "#1"},
				"west": {"uv": [0, 0, 16, 16], "texture": "#1"},
				"up": {"uv": [0, 0, 16, 16], "texture": "#1"},
				"down": {"uv": [0, 0, 16, 16], "texture": "#1"}
			}
		},
		{
			"from": [7.375, 3.225, -7.45],
			"to": [7.525, 3.6, -7.3],
			"rotation": {"angle": 0, "axis": "y", "origin": [9, 3, -8.2]},
			"faces": {
				"north": {"uv": [0, 0, 16, 16], "texture": "#1"},
				"east": {"uv": [0, 0, 16, 16], "texture": "#1"},
				"south": {"uv": [0, 0, 16, 16], "texture": "#1"},
				"west": {"uv": [0, 0, 16, 16], "texture": "#1"},
				"up": {"uv": [0, 0, 16, 16], "texture": "#1"},
				"down": {"uv": [0, 0, 16, 16], "texture": "#1"}
			}
		},
		{
			"from": [7.075, 3.225, -7.45],
			"to": [7.225, 3.6, -7.3],
			"rotation": {"angle": 0, "axis": "y", "origin": [9.05, 3, -8.2]},
			"faces": {
				"north": {"uv": [0, 0, 16, 16], "texture": "#1"},
				"east": {"uv": [0, 0, 16, 16], "texture": "#1"},
				"south": {"uv": [0, 0, 16, 16], "texture": "#1"},
				"west": {"uv": [0, 0, 16, 16], "texture": "#1"},
				"up": {"uv": [0, 0, 16, 16], "texture": "#1"},
				"down": {"uv": [0, 0, 16, 16], "texture": "#1"}
			}
		},
		{
			"name": "blackhole",
			"from": [5.95, 0.725, -3.05],
			"to": [10, 3.25, 1.075],
			"rotation": {"angle": 0, "axis": "y", "origin": [0, 1, -9]},
			"faces": {
				"north": {"uv": [0, 0, 16, 16], "texture": "#7", "cullface": "up"},
				"east": {"uv": [0, 0, 16, 16], "texture": "#7", "cullface": "up"},
				"south": {"uv": [0, 0, 16, 16], "texture": "#7", "cullface": "up"},
				"west": {"uv": [0, 0, 16, 16], "texture": "#7", "cullface": "up"},
				"up": {"uv": [0, 0, 16, 16], "texture": "#7", "cullface": "up"},
				"down": {"uv": [0, 0, 16, 16], "texture": "#7", "cullface": "up"}
			}
		},
		{
			"from": [5.675, 3, -3.225],
			"to": [10.275, 3.35, 1.2],
			"shade": false,
			"rotation": {"angle": 0, "axis": "y", "origin": [9, 3, -8.2]},
			"faces": {
				"north": {"uv": [0, 0, 16, 16], "texture": "#5"},
				"east": {"uv": [0, 0, 16, 16], "texture": "#5"},
				"south": {"uv": [0, 0, 16, 16], "texture": "#5"},
				"west": {"uv": [0, 0, 16, 16], "texture": "#5"},
				"up": {"uv": [0, 0, 16, 16], "texture": "#6"},
				"down": {"uv": [0, 0, 16, 16], "texture": "#6"}
			}
		},
		{
			"from": [6.6, 3, -7.5],
			"to": [9.4, 3.375, -6.8],
			"rotation": {"angle": 0, "axis": "y", "origin": [9, 3, -8.2]},
			"faces": {
				"north": {"uv": [0, 0, 16, 16], "texture": "#5"},
				"east": {"uv": [0, 0, 16, 16], "texture": "#5"},
				"south": {"uv": [0, 0, 16, 16], "texture": "#5"},
				"west": {"uv": [0, 0, 16, 16], "texture": "#5"},
				"up": {"uv": [0, 0, 16, 16], "texture": "#5"},
				"down": {"uv": [0, 0, 16, 16], "texture": "#5"}
			}
		},
		{
			"from": [6.9, 3.35, -7.05],
			"to": [8.975, 3.55, -6.9],
			"rotation": {"angle": 0, "axis": "y", "origin": [9, 3, -8.2]},
			"faces": {
				"north": {"uv": [0, 0, 16, 16], "texture": "#1"},
				"east": {"uv": [0, 0, 16, 16], "texture": "#1"},
				"south": {"uv": [0, 0, 16, 16], "texture": "#1"},
				"west": {"uv": [0, 0, 16, 16], "texture": "#1"},
				"up": {"uv": [0, 0, 16, 16], "texture": "#1"},
				"down": {"uv": [0, 0, 16, 16], "texture": "#1"}
			}
		},
		{
			"from": [6.85, 2.825, 22.125],
			"to": [9.05, 3.25, 22.175],
			"faces": {
				"north": {"uv": [0, 0.025, 2, 0.025], "texture": "#1"},
				"east": {"uv": [0, 0.025, 0, 0.025], "texture": "#1"},
				"south": {"uv": [2, 0.025, 4, 0.025], "texture": "#1"},
				"west": {"uv": [2, 0.025, 2, 0.025], "texture": "#1"},
				"up": {"uv": [0, 0, 16, 16], "texture": "#1"},
				"down": {"uv": [4, 0.025, 2, 0.025], "texture": "#1"}
			}
		},
		{
			"from": [6.85, 2.825, 16.175],
			"to": [9.05, 3.25, 16.225],
			"faces": {
				"north": {"uv": [0, 0.025, 2, 0.025], "texture": "#1"},
				"east": {"uv": [0, 0.025, 0, 0.025], "texture": "#1"},
				"south": {"uv": [2, 0.025, 4, 0.025], "texture": "#1"},
				"west": {"uv": [2, 0.025, 2, 0.025], "texture": "#1"},
				"up": {"uv": [0, 0, 16, 16], "texture": "#1"},
				"down": {"uv": [4, 0.025, 2, 0.025], "texture": "#1"}
			}
		},
		{
			"from": [6.85, 2.825, 17.45],
			"to": [9.05, 3.25, 17.5],
			"faces": {
				"north": {"uv": [0, 0.025, 2, 0.025], "texture": "#1"},
				"east": {"uv": [0, 0.025, 0, 0.025], "texture": "#1"},
				"south": {"uv": [2, 0.025, 4, 0.025], "texture": "#1"},
				"west": {"uv": [2, 0.025, 2, 0.025], "texture": "#1"},
				"up": {"uv": [0, 0, 16, 16], "texture": "#1"},
				"down": {"uv": [4, 0.025, 2, 0.025], "texture": "#1"}
			}
		},
		{
			"from": [6.85, 2.825, 18.575],
			"to": [9.05, 3.25, 18.625],
			"faces": {
				"north": {"uv": [0, 0.025, 2, 0.025], "texture": "#1"},
				"east": {"uv": [0, 0.025, 0, 0.025], "texture": "#1"},
				"south": {"uv": [2, 0.025, 4, 0.025], "texture": "#1"},
				"west": {"uv": [2, 0.025, 2, 0.025], "texture": "#1"},
				"up": {"uv": [0, 0, 16, 16], "texture": "#1"},
				"down": {"uv": [4, 0.025, 2, 0.025], "texture": "#1"}
			}
		},
		{
			"from": [6.85, 2.825, 21],
			"to": [9.05, 3.25, 21.05],
			"faces": {
				"north": {"uv": [0, 0.025, 2, 0.025], "texture": "#1"},
				"east": {"uv": [0, 0.025, 0, 0.025], "texture": "#1"},
				"south": {"uv": [2, 0.025, 4, 0.025], "texture": "#1"},
				"west": {"uv": [2, 0.025, 2, 0.025], "texture": "#1"},
				"up": {"uv": [0, 0, 16, 16], "texture": "#1"},
				"down": {"uv": [4, 0.025, 2, 0.025], "texture": "#1"}
			}
		},
		{
			"from": [6.85, 2.825, 19.825],
			"to": [9.05, 3.25, 19.875],
			"faces": {
				"north": {"uv": [0, 0.025, 2, 0.025], "texture": "#1"},
				"east": {"uv": [0, 0.025, 0, 0.025], "texture": "#1"},
				"south": {"uv": [2, 0.025, 4, 0.025], "texture": "#1"},
				"west": {"uv": [2, 0.025, 2, 0.025], "texture": "#1"},
				"up": {"uv": [0, 0, 16, 16], "texture": "#1"},
				"down": {"uv": [4, 0.025, 2, 0.025], "texture": "#1"}
			}
		},
		{
			"from": [7.9, 2.825, 19.1],
			"to": [8.05, 3.25, 19.25],
			"faces": {
				"north": {"uv": [0, 0.075, 0, 0.075], "texture": "#1"},
				"east": {"uv": [0, 0.075, 0, 0.075], "texture": "#1"},
				"south": {"uv": [0, 0.075, 0, 0.075], "texture": "#1"},
				"west": {"uv": [0, 0.075, 0, 0.075], "texture": "#1"},
				"up": {"uv": [0, 0, 16, 16], "texture": "#1"},
				"down": {"uv": [0, 0.075, 0, 0.075], "texture": "#1"}
			}
		},
		{
			"from": [7.9, 2.825, 16.825],
			"to": [8.05, 3.25, 16.975],
			"faces": {
				"north": {"uv": [0, 0.075, 0, 0.075], "texture": "#1"},
				"east": {"uv": [0, 0.075, 0, 0.075], "texture": "#1"},
				"south": {"uv": [0, 0.075, 0, 0.075], "texture": "#1"},
				"west": {"uv": [0, 0.075, 0, 0.075], "texture": "#1"},
				"up": {"uv": [0, 0, 16, 16], "texture": "#1"},
				"down": {"uv": [0, 0.075, 0, 0.075], "texture": "#1"}
			}
		},
		{
			"from": [7.9, 2.825, 12.275],
			"to": [8.05, 3.25, 12.425],
			"faces": {
				"north": {"uv": [0, 0.075, 0, 0.075], "texture": "#1"},
				"east": {"uv": [0, 0.075, 0, 0.075], "texture": "#1"},
				"south": {"uv": [0, 0.075, 0, 0.075], "texture": "#1"},
				"west": {"uv": [0, 0.075, 0, 0.075], "texture": "#1"},
				"up": {"uv": [0, 0, 16, 16], "texture": "#1"},
				"down": {"uv": [0, 0.075, 0, 0.075], "texture": "#1"}
			}
		},
		{
			"from": [7.9, 2.825, 6.325],
			"to": [8.05, 3.25, 6.475],
			"faces": {
				"north": {"uv": [0, 0.075, 0, 0.075], "texture": "#1"},
				"east": {"uv": [0, 0.075, 0, 0.075], "texture": "#1"},
				"south": {"uv": [0, 0.075, 0, 0.075], "texture": "#1"},
				"west": {"uv": [0, 0.075, 0, 0.075], "texture": "#1"},
				"up": {"uv": [0, 0, 16, 16], "texture": "#1"},
				"down": {"uv": [0, 0.075, 0, 0.075], "texture": "#1"}
			}
		},
		{
			"from": [7.9, 2.825, 14.525],
			"to": [8.05, 3.25, 14.675],
			"faces": {
				"north": {"uv": [0, 0.075, 0, 0.075], "texture": "#1"},
				"east": {"uv": [0, 0.075, 0, 0.075], "texture": "#1"},
				"south": {"uv": [0, 0.075, 0, 0.075], "texture": "#1"},
				"west": {"uv": [0, 0.075, 0, 0.075], "texture": "#1"},
				"up": {"uv": [0, 0, 16, 16], "texture": "#1"},
				"down": {"uv": [0, 0.075, 0, 0.075], "texture": "#1"}
			}
		},
		{
			"from": [7.9, 2.825, 3],
			"to": [8.05, 3.25, 3.15],
			"faces": {
				"north": {"uv": [0, 0.075, 0, 0.075], "texture": "#1"},
				"east": {"uv": [0, 0.075, 0, 0.075], "texture": "#1"},
				"south": {"uv": [0, 0.075, 0, 0.075], "texture": "#1"},
				"west": {"uv": [0, 0.075, 0, 0.075], "texture": "#1"},
				"up": {"uv": [0, 0, 16, 16], "texture": "#1"},
				"down": {"uv": [0, 0.075, 0, 0.075], "texture": "#1"}
			}
		},
		{
			"from": [7.9, 2.825, 4.625],
			"to": [8.05, 3.25, 4.775],
			"faces": {
				"north": {"uv": [0, 0.075, 0, 0.075], "texture": "#1"},
				"east": {"uv": [0, 0.075, 0, 0.075], "texture": "#1"},
				"south": {"uv": [0, 0.075, 0, 0.075], "texture": "#1"},
				"west": {"uv": [0, 0.075, 0, 0.075], "texture": "#1"},
				"up": {"uv": [0, 0, 16, 16], "texture": "#1"},
				"down": {"uv": [0, 0.075, 0, 0.075], "texture": "#1"}
			}
		},
		{
			"from": [8.55, 2.825, 9.225],
			"to": [8.7, 3.25, 9.375],
			"faces": {
				"north": {"uv": [0, 0.075, 0, 0.075], "texture": "#1"},
				"east": {"uv": [0, 0.075, 0, 0.075], "texture": "#1"},
				"south": {"uv": [0, 0.075, 0, 0.075], "texture": "#1"},
				"west": {"uv": [0, 0.075, 0, 0.075], "texture": "#1"},
				"up": {"uv": [0, 0, 16, 16], "texture": "#1"},
				"down": {"uv": [0, 0.075, 0, 0.075], "texture": "#1"}
			}
		},
		{
			"from": [7.2, 2.825, 9.225],
			"to": [7.35, 3.25, 9.375],
			"faces": {
				"north": {"uv": [0, 0.075, 0, 0.075], "texture": "#1"},
				"east": {"uv": [0, 0.075, 0, 0.075], "texture": "#1"},
				"south": {"uv": [0, 0.075, 0, 0.075], "texture": "#1"},
				"west": {"uv": [0, 0.075, 0, 0.075], "texture": "#1"},
				"up": {"uv": [0, 0, 16, 16], "texture": "#1"},
				"down": {"uv": [0, 0.075, 0, 0.075], "texture": "#1"}
			}
		},
		{
			"from": [6.85, 2.825, 15.05],
			"to": [9.05, 3.25, 15.1],
			"faces": {
				"north": {"uv": [0, 0.025, 2, 0.025], "texture": "#1"},
				"east": {"uv": [0, 0.025, 0, 0.025], "texture": "#1"},
				"south": {"uv": [2, 0.025, 4, 0.025], "texture": "#1"},
				"west": {"uv": [2, 0.025, 2, 0.025], "texture": "#1"},
				"up": {"uv": [0, 0, 16, 16], "texture": "#1"},
				"down": {"uv": [4, 0.025, 2, 0.025], "texture": "#1"}
			}
		},
		{
			"from": [6.85, 2.825, 9.8],
			"to": [9.05, 3.25, 9.85],
			"faces": {
				"north": {"uv": [0, 0.025, 2, 0.025], "texture": "#1"},
				"east": {"uv": [0, 0.025, 0, 0.025], "texture": "#1"},
				"south": {"uv": [2, 0.025, 4, 0.025], "texture": "#1"},
				"west": {"uv": [2, 0.025, 2, 0.025], "texture": "#1"},
				"up": {"uv": [0, 0, 16, 16], "texture": "#1"},
				"down": {"uv": [4, 0.025, 2, 0.025], "texture": "#1"}
			}
		},
		{
			"from": [6.85, 2.825, 12.9],
			"to": [9.05, 3.25, 12.95],
			"faces": {
				"north": {"uv": [0, 0.025, 2, 0.025], "texture": "#1"},
				"east": {"uv": [0, 0.025, 0, 0.025], "texture": "#1"},
				"south": {"uv": [2, 0.025, 4, 0.025], "texture": "#1"},
				"west": {"uv": [2, 0.025, 2, 0.025], "texture": "#1"},
				"up": {"uv": [0, 0, 16, 16], "texture": "#1"},
				"down": {"uv": [4, 0.025, 2, 0.025], "texture": "#1"}
			}
		},
		{
			"from": [6.85, 2.825, 4.275],
			"to": [9.05, 3.25, 4.325],
			"faces": {
				"north": {"uv": [0, 0.025, 2, 0.025], "texture": "#1"},
				"east": {"uv": [0, 0.025, 0, 0.025], "texture": "#1"},
				"south": {"uv": [2, 0.025, 4, 0.025], "texture": "#1"},
				"west": {"uv": [2, 0.025, 2, 0.025], "texture": "#1"},
				"up": {"uv": [0, 0, 16, 16], "texture": "#1"},
				"down": {"uv": [4, 0.025, 2, 0.025], "texture": "#1"}
			}
		},
		{
			"from": [6.85, 2.825, 5.05],
			"to": [9.05, 3.25, 5.1],
			"faces": {
				"north": {"uv": [0, 0.025, 2, 0.025], "texture": "#1"},
				"east": {"uv": [0, 0.025, 0, 0.025], "texture": "#1"},
				"south": {"uv": [2, 0.025, 4, 0.025], "texture": "#1"},
				"west": {"uv": [2, 0.025, 2, 0.025], "texture": "#1"},
				"up": {"uv": [0, 0, 16, 16], "texture": "#1"},
				"down": {"uv": [4, 0.025, 2, 0.025], "texture": "#1"}
			}
		},
		{
			"from": [6.85, 2.825, 5.875],
			"to": [9.05, 3.25, 5.925],
			"faces": {
				"north": {"uv": [0, 0.025, 2, 0.025], "texture": "#1"},
				"east": {"uv": [0, 0.025, 0, 0.025], "texture": "#1"},
				"south": {"uv": [2, 0.025, 4, 0.025], "texture": "#1"},
				"west": {"uv": [2, 0.025, 2, 0.025], "texture": "#1"},
				"up": {"uv": [0, 0, 16, 16], "texture": "#1"},
				"down": {"uv": [4, 0.025, 2, 0.025], "texture": "#1"}
			}
		},
		{
			"from": [6.85, 2.825, 6.9],
			"to": [9.05, 3.25, 6.95],
			"faces": {
				"north": {"uv": [0, 0.025, 2, 0.025], "texture": "#1"},
				"east": {"uv": [0, 0.025, 0, 0.025], "texture": "#1"},
				"south": {"uv": [2, 0.025, 4, 0.025], "texture": "#1"},
				"west": {"uv": [2, 0.025, 2, 0.025], "texture": "#1"},
				"up": {"uv": [0, 0, 16, 16], "texture": "#1"},
				"down": {"uv": [4, 0.025, 2, 0.025], "texture": "#1"}
			}
		},
		{
			"from": [6.85, 2.825, 3.425],
			"to": [9.05, 3.25, 3.475],
			"faces": {
				"north": {"uv": [0, 0.025, 2, 0.025], "texture": "#1"},
				"east": {"uv": [0, 0.025, 0, 0.025], "texture": "#1"},
				"south": {"uv": [2, 0.025, 4, 0.025], "texture": "#1"},
				"west": {"uv": [2, 0.025, 2, 0.025], "texture": "#1"},
				"up": {"uv": [0, 0, 16, 16], "texture": "#1"},
				"down": {"uv": [4, 0.025, 2, 0.025], "texture": "#1"}
			}
		},
		{
			"from": [6.85, 2.825, 1.825],
			"to": [9.05, 3.25, 1.875],
			"faces": {
				"north": {"uv": [0, 0.025, 2, 0.025], "texture": "#1"},
				"east": {"uv": [0, 0.025, 0, 0.025], "texture": "#1"},
				"south": {"uv": [2, 0.025, 4, 0.025], "texture": "#1"},
				"west": {"uv": [2, 0.025, 2, 0.025], "texture": "#1"},
				"up": {"uv": [0, 0, 16, 16], "texture": "#1"},
				"down": {"uv": [4, 0.025, 2, 0.025], "texture": "#1"}
			}
		},
		{
			"from": [6.85, 2.825, 2.6],
			"to": [9.05, 3.25, 2.65],
			"faces": {
				"north": {"uv": [0, 0.025, 2, 0.025], "texture": "#1"},
				"east": {"uv": [0, 0.025, 0, 0.025], "texture": "#1"},
				"south": {"uv": [2, 0.025, 4, 0.025], "texture": "#1"},
				"west": {"uv": [2, 0.025, 2, 0.025], "texture": "#1"},
				"up": {"uv": [0, 0, 16, 16], "texture": "#1"},
				"down": {"uv": [4, 0.025, 2, 0.025], "texture": "#1"}
			}
		},
		{
			"from": [6.85, 2.825, 10.75],
			"to": [9.05, 3.25, 10.8],
			"faces": {
				"north": {"uv": [0, 0.025, 2, 0.025], "texture": "#1"},
				"east": {"uv": [0, 0.025, 0, 0.025], "texture": "#1"},
				"south": {"uv": [2, 0.025, 4, 0.025], "texture": "#1"},
				"west": {"uv": [2, 0.025, 2, 0.025], "texture": "#1"},
				"up": {"uv": [0, 0, 16, 16], "texture": "#1"},
				"down": {"uv": [4, 0.025, 2, 0.025], "texture": "#1"}
			}
		},
		{
			"from": [6.85, 2.825, 8.725],
			"to": [9.05, 3.25, 8.775],
			"faces": {
				"north": {"uv": [0, 0.025, 2, 0.025], "texture": "#1"},
				"east": {"uv": [0, 0.025, 0, 0.025], "texture": "#1"},
				"south": {"uv": [2, 0.025, 4, 0.025], "texture": "#1"},
				"west": {"uv": [2, 0.025, 2, 0.025], "texture": "#1"},
				"up": {"uv": [0, 0, 16, 16], "texture": "#1"},
				"down": {"uv": [4, 0.025, 2, 0.025], "texture": "#1"}
			}
		},
		{
			"from": [6.85, 2.825, 7.75],
			"to": [9.05, 3.25, 7.8],
			"faces": {
				"north": {"uv": [0, 0.025, 2, 0.025], "texture": "#1"},
				"east": {"uv": [0, 0.025, 0, 0.025], "texture": "#1"},
				"south": {"uv": [2, 0.025, 4, 0.025], "texture": "#1"},
				"west": {"uv": [2, 0.025, 2, 0.025], "texture": "#1"},
				"up": {"uv": [0, 0, 16, 16], "texture": "#1"},
				"down": {"uv": [4, 0.025, 2, 0.025], "texture": "#1"}
			}
		},
		{
			"from": [6.85, 2.825, 14],
			"to": [9.05, 3.25, 14.05],
			"faces": {
				"north": {"uv": [0, 0.025, 2, 0.025], "texture": "#1"},
				"east": {"uv": [0, 0.025, 0, 0.025], "texture": "#1"},
				"south": {"uv": [2, 0.025, 4, 0.025], "texture": "#1"},
				"west": {"uv": [2, 0.025, 2, 0.025], "texture": "#1"},
				"up": {"uv": [0, 0, 16, 16], "texture": "#1"},
				"down": {"uv": [4, 0.025, 2, 0.025], "texture": "#1"}
			}
		},
		{
			"from": [6.85, 2.825, 11.8],
			"to": [9.05, 3.25, 11.85],
			"faces": {
				"north": {"uv": [0, 0.025, 2, 0.025], "texture": "#1"},
				"east": {"uv": [0, 0.025, 0, 0.025], "texture": "#1"},
				"south": {"uv": [2, 0.025, 4, 0.025], "texture": "#1"},
				"west": {"uv": [2, 0.025, 2, 0.025], "texture": "#1"},
				"up": {"uv": [0, 0, 16, 16], "texture": "#1"},
				"down": {"uv": [4, 0.025, 2, 0.025], "texture": "#1"}
			}
		}
	],
	"display": {
		"thirdperson_righthand": {
			"rotation": [-19, 0, 0],
			"translation": [-0.5, 4.75, 1],
			"scale": [0.6, 0.6, 0.6]
		},
		"thirdperson_lefthand": {
			"rotation": [0, 79, 0],
			"translation": [-4.5, 4, 0],
			"scale": [0.6, 0.6, 0.6]
		},
		"firstperson_righthand": {
			"rotation": [-92, -2, 0],
			"translation": [-1.5, -0.25, 0],
			"scale": [0.6, 0.6, 0.6]
		},
		"firstperson_lefthand": {
			"rotation": [-79, 62, 0],
			"translation": [-10.5, 4, -1],
			"scale": [0.6, 0.6, 0.6]
		},
		"ground": {
			"rotation": [-54, 0, 0],
			"translation": [1.5, 9.5, 0],
			"scale": [0.6, 0.6, 0.6]
		},
		"gui": {
			"rotation": [-79, -36, 180],
			"scale": [0.4, 0.37, 0.42]
		},
		"head": {
			"rotation": [0, -90, 90],
			"translation": [-6, -3.5, -20],
			"scale": [4, 4, 4]
		},
		"fixed": {
			"rotation": [-90, 0, 0],
			"translation": [0, -19.25, -11.75],
			"scale": [1.7, 1.7, 1.7]
		}
	},
	"groups": [
		{
			"name": "body",
			"origin": [0, 2, 1.975],
			"color": 9,
			"nbt": "{}",
			"armAnimationEnabled": false,
			"children": [
				{
					"name": "back",
					"origin": [0, 2, -13.25],
					"color": 9,
					"nbt": "{}",
					"armAnimationEnabled": false,
					"children": [0, 1, 2, 3, 4, 5, 6, 7, 8, 9, 10]
				}
			]
		},
		{
			"name": "grill",
			"origin": [8, 8, 8],
			"color": 0,
			"nbt": "{}",
			"armAnimationEnabled": false,
			"children": [
				11,
				{
					"name": "top",
					"origin": [8, 8, 8],
					"color": 3,
					"nbt": "{}",
					"armAnimationEnabled": false,
					"children": [12, 13, 14, 15, 16, 17, 18, 19]
				}
			]
		},
		{
			"name": "string",
			"origin": [8, 8, 8],
			"color": 7,
			"nbt": "{}",
			"armAnimationEnabled": false,
			"children": [20, 21, 22, 23, 24, 25]
		},
		{
			"name": "additions",
			"origin": [7.4, 1.2, 26.75],
			"color": 5,
			"nbt": "{}",
			"armAnimationEnabled": false,
			"children": [
				{
					"name": "keys",
					"origin": [7.4, 1.2, 26.75],
					"color": 0,
					"nbt": "{}",
					"armAnimationEnabled": false,
					"children": [26, 27, 28, 29, 30, 31, 32, 33, 34, 35, 36, 37, 38, 39, 40]
				},
				41,
				42,
				{
					"name": "top",
					"origin": [7.4, 1.2, 26.75],
					"color": 0,
					"nbt": "{}",
					"armAnimationEnabled": false,
					"children": []
				},
				{
					"name": "pins",
					"origin": [7.4, 1.2, 26.75],
					"color": 0,
					"nbt": "{}",
					"armAnimationEnabled": false,
					"children": [43, 44, 45, 46, 47, 48]
				},
				49,
				{
					"name": "adutionstop",
					"origin": [7.4, 1.2, 26.75],
					"color": 0,
					"nbt": "{}",
					"armAnimationEnabled": false,
					"children": [50]
				},
				51,
				52
			]
		},
		{
			"name": "bars",
			"origin": [8, 8, 8],
			"color": 0,
			"nbt": "{}",
			"armAnimationEnabled": false,
			"children": [53, 54, 55, 56, 57, 58, 59, 60, 61, 62, 63, 64, 65, 66, 67, 68, 69, 70, 71, 72, 73, 74, 75, 76, 77, 78, 79, 80, 81, 82]
		}
	]
}