{
	"credit": "Made with Blockbench",
	"textures": {
		"1": "acoustic/texture2",
		"2": "acoustic/texture3",
		"4": "acoustic/guitarbody",
		"particle": "acoustic/guitarbody"
	},
	"elements": [
		{
			"from": [-0.5, 6.75, 0.5],
			"to": [5.75, 7.5, 3.5],
			"faces": {
				"north": {"uv": [5.625, 4, 8.625, 4], "texture": "#4"},
				"east": {"uv": [3.725, 4, 5.225, 5], "texture": "#4"},
				"south": {"uv": [4.125, 6, 7.125, 6], "texture": "#4"},
				"west": {"uv": [4.625, 3, 6.125, 3], "texture": "#4"},
				"up": {"uv": [16, 11, 6.125, 7.25], "texture": "#4"},
				"down": {"uv": [11.625, 2.5, 8.625, 4], "texture": "#4"}
			}
		},
		{
			"from": [-0.25, 6.5, 0.25],
			"to": [5.5, 7.75, 3.75],
			"faces": {
				"north": {"uv": [5.375, 4.25, 7.875, 4.75], "texture": "#4"},
				"east": {"uv": [5.775, 4.85, 7.275, 5.35], "texture": "#4"},
				"south": {"uv": [3.375, 6.25, 5.875, 6.75], "texture": "#4"},
				"west": {"uv": [3.875, 3.25, 5.375, 3.75], "texture": "#4"},
				"up": {"uv": [16, 14.5, 7.125, 10], "texture": "#4"},
				"down": {"uv": [10.375, 2.75, 7.875, 4.25], "texture": "#4"}
			}
		},
		{
			"from": [0, 6.25, 0],
			"to": [5.25, 8, 3.75],
			"faces": {
				"north": {"uv": [5.125, 4.375, 7.625, 4.875], "texture": "#4"},
				"east": {"uv": [6.025, 4.975, 7.525, 5.475], "texture": "#4"},
				"south": {"uv": [4.425, 6.675, 6.925, 7.175], "texture": "#4"},
				"west": {"uv": [3.625, 3.375, 5.125, 3.875], "texture": "#4"},
				"up": {"uv": [16, 14.5, 7.125, 10.875], "texture": "#4"},
				"down": {"uv": [14.875, 10.875, 9.375, 13.375], "texture": "#4"}
			}
		},
		{
			"from": [0.25, 6.25, 3.75],
			"to": [5, 8, 8],
			"faces": {
				"north": {"uv": [4.875, 5.125, 6.875, 5.625], "texture": "#4"},
				"east": {"uv": [4.125, 7.275, 7.875, 9.025], "texture": "#4"},
				"south": {"uv": [4.975, 7.425, 6.975, 7.925], "texture": "#4"},
				"west": {"uv": [3.875, 4.125, 5.875, 4.625], "texture": "#4"},
				"up": {"uv": [15, 11.5, 7.875, 8.125], "texture": "#4"},
				"down": {"uv": [14.875, 8.125, 8.875, 11.125], "texture": "#4"}
			}
		},
		{
			"from": [0.55, 6.35, 7.95],
			"to": [4.8, 7.9, 8.2],
			"faces": {
				"north": {"uv": [4.625, 1.125, 6.625, 1.625], "texture": "#4"},
				"east": {"uv": [4.625, 1.125, 4.625, 1.625], "texture": "#4"},
				"south": {"uv": [4.225, 0.825, 7.325, 2.525], "texture": "#4"},
				"west": {"uv": [6.625, 1.125, 6.625, 1.625], "texture": "#4"},
				"up": {"uv": [6.05, 11.075, 1.675, 12.2], "texture": "#4"},
				"down": {"uv": [8.625, 1.125, 6.625, 1.125], "texture": "#4"}
			}
		},
		{
			"from": [0.75, 6.55, 8.2],
			"to": [4.6, 7.7, 8.45],
			"faces": {
				"north": {"uv": [4.425, 1.125, 5.925, 1.625], "texture": "#4"},
				"east": {"uv": [4.425, 1.125, 4.425, 1.625], "texture": "#4"},
				"south": {"uv": [5.925, 1.125, 7.425, 1.625], "texture": "#4"},
				"west": {"uv": [5.925, 1.125, 5.925, 1.625], "texture": "#4"},
				"up": {"uv": [6.65, 10.825, 2.975, 11.95], "texture": "#4"},
				"down": {"uv": [7.425, 1.125, 5.925, 1.125], "texture": "#4"}
			}
		},
		{
			"from": [1.5, 7.25, 17.25],
			"to": [3.65, 8, 19.75],
			"faces": {
				"north": {"uv": [3.575, 3.25, 4.575, 3.25], "texture": "#4"},
				"east": {"uv": [5.575, 3.95, 7.575, 4.95], "texture": "#4"},
				"south": {"uv": [5.575, 3.25, 6.575, 3.25], "texture": "#4"},
				"west": {"uv": [4.575, 3.25, 5.575, 3.25], "texture": "#4"},
				"up": {"uv": [10.1, 6.45, 7.275, 4.95], "texture": "#4"},
				"down": {"uv": [5.575, 2.25, 4.575, 3.25], "texture": "#4"}
			}
		},
		{
			"from": [1.7, 7.35, 19.375],
			"to": [3.375, 8.4, 20],
			"faces": {
				"north": {"uv": [3.3375, 1.3125, 3.8375, 1.8125], "texture": "#4"},
				"east": {"uv": [4.7375, 2.5125, 6.7375, 4.0125], "texture": "#4"},
				"south": {"uv": [3.8375, 1.3125, 4.3375, 1.8125], "texture": "#4"},
				"west": {"uv": [3.8375, 1.3125, 3.8375, 1.8125], "texture": "#4"},
				"up": {"uv": [8.175, 2.3125, 5.5875, 3.375], "texture": "#4"},
				"down": {"uv": [4.3375, 1.3125, 3.8375, 1.3125], "texture": "#4"}
			}
		},
		{
			"from": [2, 7.45, 19.975],
			"to": [3.175, 8.2, 20.4],
			"faces": {
				"north": {"uv": [3.0875, 1.2125, 3.5875, 1.2125], "texture": "#4"},
				"east": {"uv": [3.0875, 1.2125, 3.0875, 1.2125], "texture": "#4"},
				"south": {"uv": [3.5875, 1.2125, 4.0875, 1.2125], "texture": "#4"},
				"west": {"uv": [3.5875, 1.2125, 3.5875, 1.2125], "texture": "#4"},
				"up": {"uv": [8.175, 1.7125, 5.8375, 2.925], "texture": "#4"},
				"down": {"uv": [4.0875, 1.2125, 3.5875, 1.2125], "texture": "#4"}
			}
		},
		{
			"from": [0, 6.5, 4.75],
			"to": [5.25, 7.75, 7.75],
			"faces": {
				"north": {"uv": [5.125, 4, 7.625, 4.5], "texture": "#4"},
				"east": {"uv": [4.725, 4.7, 6.225, 5.2], "texture": "#4"},
				"south": {"uv": [4.425, 6, 6.925, 6.5], "texture": "#4"},
				"west": {"uv": [3.625, 3, 5.125, 3.5], "texture": "#4"},
				"up": {"uv": [16, 10.75, 6.625, 8.25], "texture": "#4"},
				"down": {"uv": [10.125, 2.5, 7.625, 4], "texture": "#4"}
			}
		},
		{
			"from": [-0.25, 6.5, 5.25],
			"to": [5.5, 7.5, 7.5],
			"faces": {
				"north": {"uv": [5.375, 3.125, 7.875, 3.625], "texture": "#4"},
				"east": {"uv": [3.375, 3.125, 4.375, 3.625], "texture": "#4"},
				"south": {"uv": [4.575, 5.725, 7.075, 6.225], "texture": "#4"},
				"west": {"uv": [3.875, 2.125, 4.875, 2.625], "texture": "#4"},
				"up": {"uv": [15.25, 10.5, 6.875, 8.125], "texture": "#4"},
				"down": {"uv": [10.375, 2.125, 7.875, 3.125], "texture": "#4"}
			}
		},
		{
			"from": [0.25, 6.4, -0.325],
			"to": [5, 7.75, 0.25],
			"faces": {
				"north": {"uv": [4.875, 1.2875, 6.875, 1.7875], "texture": "#4"},
				"east": {"uv": [4.875, 1.2875, 4.875, 1.7875], "texture": "#4"},
				"south": {"uv": [6.875, 1.2875, 8.875, 1.7875], "texture": "#4"},
				"west": {"uv": [6.875, 1.2875, 6.875, 1.7875], "texture": "#4"},
				"up": {"uv": [15, 14.2875, 9.125, 15.325], "texture": "#4"},
				"down": {"uv": [11.875, 12.2875, 8.875, 13.2875], "texture": "#4"}
			}
		},
		{
			"from": [0.575, 6.7, -0.65],
			"to": [4.775, 7.525, -0.325],
			"faces": {
				"north": {"uv": [4.6, 1.1625, 6.6, 1.1625], "texture": "#4"},
				"east": {"uv": [4.6, 1.1625, 4.6, 1.1625], "texture": "#4"},
				"south": {"uv": [6.6, 1.1625, 8.6, 1.1625], "texture": "#4"},
				"west": {"uv": [6.6, 1.1625, 6.6, 1.1625], "texture": "#4"},
				"up": {"uv": [14.7, 14.4125, 9.1, 15.325], "texture": "#4"},
				"down": {"uv": [8.6, 1.1625, 6.6, 1.1625], "texture": "#4"}
			}
		},
		{
			"from": [1.75, 7.5, 8],
			"to": [3.4, 8, 17.25],
			"faces": {
				"north": {"uv": [3.325, 12.125, 3.825, 12.125], "texture": "#4"},
				"east": {"uv": [-2.175, 12.125, 3.325, 12.125], "texture": "#4"},
				"south": {"uv": [9.325, 12.125, 9.825, 12.125], "texture": "#4"},
				"west": {"uv": [3.825, 12.125, 9.325, 12.125], "texture": "#4"},
				"up": {"uv": [3.625, 9.4, 2.05, 1.775], "texture": "#4"},
				"down": {"uv": [4.325, 6.625, 3.825, 12.125], "texture": "#4"}
			}
		},
		{
			"from": [1.85, 7.25, 8],
			"to": [3.3, 7.5, 17.25],
			"rotation": {"angle": 0, "axis": "x", "origin": [2.5, 7, 8.75]},
			"faces": {
				"north": {"uv": [3.225, 10.125, 3.725, 10.125], "texture": "#4"},
				"east": {"uv": [-1.275, 10.125, 3.225, 10.125], "texture": "#4"},
				"south": {"uv": [8.225, 10.125, 8.725, 10.125], "texture": "#4"},
				"west": {"uv": [3.725, 10.125, 8.225, 10.125], "texture": "#4"},
				"up": {"uv": [3.45, 11, 2.725, 6.375], "texture": "#4"},
				"down": {"uv": [14.225, 3.625, 12.725, 8.125], "texture": "#4"}
			}
		},
		{
			"from": [3.175, 8.3, 1.25],
			"to": [3.225, 8.35, 19.5],
			"faces": {
				"north": {"uv": [18, 19, 18, 19], "texture": "#1"},
				"east": {"uv": [0, 19, 18, 19], "texture": "#1"},
				"south": {"uv": [36, 19, 36, 19], "texture": "#1"},
				"west": {"uv": [18, 19, 36, 19], "texture": "#1"},
				"up": {"uv": [18, 19, 18, 1], "texture": "#1"},
				"down": {"uv": [18, 1, 18, 19], "texture": "#1"}
			}
		},
		{
			"from": [2.925, 8.3, 1.25],
			"to": [2.975, 8.35, 19.5],
			"faces": {
				"north": {"uv": [18, 19, 18, 19], "texture": "#1"},
				"east": {"uv": [0, 19, 18, 19], "texture": "#1"},
				"south": {"uv": [36, 19, 36, 19], "texture": "#1"},
				"west": {"uv": [18, 19, 36, 19], "texture": "#1"},
				"up": {"uv": [18, 19, 18, 1], "texture": "#1"},
				"down": {"uv": [18, 1, 18, 19], "texture": "#1"}
			}
		},
		{
			"from": [2.675, 8.3, 1.25],
			"to": [2.725, 8.35, 19.5],
			"faces": {
				"north": {"uv": [18, 19, 18, 19], "texture": "#1"},
				"east": {"uv": [0, 19, 18, 19], "texture": "#1"},
				"south": {"uv": [36, 19, 36, 19], "texture": "#1"},
				"west": {"uv": [18, 19, 36, 19], "texture": "#1"},
				"up": {"uv": [18, 19, 18, 1], "texture": "#1"},
				"down": {"uv": [18, 1, 18, 19], "texture": "#1"}
			}
		},
		{
			"from": [2.425, 8.3, 1.25],
			"to": [2.475, 8.35, 19.5],
			"faces": {
				"north": {"uv": [18, 19, 18, 19], "texture": "#1"},
				"east": {"uv": [0, 19, 18, 19], "texture": "#1"},
				"south": {"uv": [36, 19, 36, 19], "texture": "#1"},
				"west": {"uv": [18, 19, 36, 19], "texture": "#1"},
				"up": {"uv": [18, 19, 18, 1], "texture": "#1"},
				"down": {"uv": [18, 1, 18, 19], "texture": "#1"}
			}
		},
		{
			"from": [2.175, 8.3, 1.25],
			"to": [2.225, 8.35, 19.5],
			"faces": {
				"north": {"uv": [18, 19, 18, 19], "texture": "#1"},
				"east": {"uv": [0, 19, 18, 19], "texture": "#1"},
				"south": {"uv": [36, 19, 36, 19], "texture": "#1"},
				"west": {"uv": [18, 19, 36, 19], "texture": "#1"},
				"up": {"uv": [18, 19, 18, 1], "texture": "#1"},
				"down": {"uv": [18, 1, 18, 19], "texture": "#1"}
			}
		},
		{
			"from": [1.925, 8.3, 1.25],
			"to": [1.975, 8.35, 19.5],
			"faces": {
				"north": {"uv": [18, 19, 18, 19], "texture": "#1"},
				"east": {"uv": [0, 19, 18, 19], "texture": "#1"},
				"south": {"uv": [36, 19, 36, 19], "texture": "#1"},
				"west": {"uv": [18, 19, 36, 19], "texture": "#1"},
				"up": {"uv": [18, 19, 18, 1], "texture": "#1"},
				"down": {"uv": [18, 1, 18, 19], "texture": "#1"}
			}
		},
		{
			"from": [1.325, 7.5, 1.075],
			"to": [3.725, 8.45, 1.45],
			"faces": {
				"north": {"uv": [0, 14, 11.4, 15.95], "texture": "#2"},
				"east": {"uv": [0, 14, 11.4, 15.95], "texture": "#2"},
				"south": {"uv": [0, 14, 11.4, 15.95], "texture": "#2"},
				"west": {"uv": [0, 14, 11.4, 15.95], "texture": "#2"},
				"up": {"uv": [0, 14, 11.4, 15.95], "texture": "#2"},
				"down": {"uv": [0, 14, 11.4, 15.95], "texture": "#2"}
			}
		},
		{
			"from": [1.6, 7.25, 3.6],
			"to": [3.75, 8.15, 5.75],
			"faces": {
				"north": {"uv": [0, 11, 12, 12], "texture": "#2"},
				"east": {"uv": [0, 11, 12, 12], "texture": "#2"},
				"south": {"uv": [0, 11, 12, 12], "texture": "#2"},
				"west": {"uv": [0, 11, 12, 12], "texture": "#2"},
				"up": {"uv": [0, 1, 10, 11], "texture": "#2"},
				"down": {"uv": [0, 11, 12, 12], "texture": "#2"}
			}
		},
		{
			"from": [1.55, 7, 17.5],
			"to": [1.8, 8.5, 17.75],
			"faces": {
				"north": {"uv": [0, 0, 16, 16], "texture": "#1"},
				"east": {"uv": [0, 0, 16, 16], "texture": "#1"},
				"south": {"uv": [0, 0, 16, 16], "texture": "#1"},
				"west": {"uv": [0, 0, 16, 16], "texture": "#1"},
				"up": {"uv": [0, 0, 16, 16], "texture": "#1"},
				"down": {"uv": [0, 0, 16, 16], "texture": "#1"}
			}
		},
		{
			"from": [3.3, 7, 19],
			"to": [3.55, 8.5, 19.25],
			"faces": {
				"north": {"uv": [0, 0, 16, 16], "texture": "#1"},
				"east": {"uv": [0, 0, 16, 16], "texture": "#1"},
				"south": {"uv": [0, 0, 16, 16], "texture": "#1"},
				"west": {"uv": [0, 0, 16, 16], "texture": "#1"},
				"up": {"uv": [0, 0, 16, 16], "texture": "#1"},
				"down": {"uv": [0, 0, 16, 16], "texture": "#1"}
			}
		},
		{
			"from": [3.3, 7, 18.25],
			"to": [3.55, 8.5, 18.5],
			"faces": {
				"north": {"uv": [0, 0, 16, 16], "texture": "#1"},
				"east": {"uv": [0, 0, 16, 16], "texture": "#1"},
				"south": {"uv": [0, 0, 16, 16], "texture": "#1"},
				"west": {"uv": [0, 0, 16, 16], "texture": "#1"},
				"up": {"uv": [0, 0, 16, 16], "texture": "#1"},
				"down": {"uv": [0, 0, 16, 16], "texture": "#1"}
			}
		},
		{
			"from": [3.3, 7, 17.5],
			"to": [3.55, 8.5, 17.75],
			"faces": {
				"north": {"uv": [0, 0, 16, 16], "texture": "#1"},
				"east": {"uv": [0, 0, 16, 16], "texture": "#1"},
				"south": {"uv": [0, 0, 16, 16], "texture": "#1"},
				"west": {"uv": [0, 0, 16, 16], "texture": "#1"},
				"up": {"uv": [0, 0, 16, 16], "texture": "#1"},
				"down": {"uv": [0, 0, 16, 16], "texture": "#1"}
			}
		},
		{
			"from": [1.55, 7, 18.25],
			"to": [1.8, 8.5, 18.5],
			"faces": {
				"north": {"uv": [0, 0, 16, 16], "texture": "#1"},
				"east": {"uv": [0, 0, 16, 16], "texture": "#1"},
				"south": {"uv": [0, 0, 16, 16], "texture": "#1"},
				"west": {"uv": [0, 0, 16, 16], "texture": "#1"},
				"up": {"uv": [0, 0, 16, 16], "texture": "#1"},
				"down": {"uv": [0, 0, 16, 16], "texture": "#1"}
			}
		},
		{
			"from": [1.55, 7, 19],
			"to": [1.8, 8.5, 19.25],
			"faces": {
				"north": {"uv": [0, 0, 16, 16], "texture": "#1"},
				"east": {"uv": [0, 0, 16, 16], "texture": "#1"},
				"south": {"uv": [0, 0, 16, 16], "texture": "#1"},
				"west": {"uv": [0, 0, 16, 16], "texture": "#1"},
				"up": {"uv": [0, 0, 16, 16], "texture": "#1"},
				"down": {"uv": [0, 0, 16, 16], "texture": "#1"}
			}
		}
	],
	"display": {
		"thirdperson_righthand": {
			"rotation": [-21, 0, 0],
			"translation": [8, -1, -1],
			"scale": [1.5, 1.5, 1.5]
		},
		"thirdperson_lefthand": {
			"rotation": [-44.61, 81.91, 42.06],
			"translation": [-9, 0.5, 8.25],
			"scale": [1.5, 1.5, 1.5]
		},
		"firstperson_righthand": {
			"rotation": [-76, 0, 0],
			"translation": [5.5, -4, 0],
			"scale": [1.5, 1.5, 1.5]
		},
		"firstperson_lefthand": {
			"rotation": [-69, 69, 0],
			"translation": [-16.25, 9.5, 3.75],
			"scale": [1.62, 1.17, 1.4]
		},
		"ground": {
			"rotation": [-45, -4, -9],
			"translation": [5, 2.5, 0]
		},
		"gui": {
			"rotation": [86, -151, 0],
			"translation": [-6, -4, 0],
			"scale": [1.15, 0.87, 0.79]
		},
		"fixed": {
			"rotation": [-90, 0, 0],
			"translation": [21.25, -23.75, -2.25],
			"scale": [4, 4, 4]
		}
	},
	"groups": [
		{
			"name": "body",
			"origin": [0, 0, 0],
			"color": 0,
			"nbt": "{}",
			"armAnimationEnabled": false,
			"children": [0, 1, 2, 3, 4, 5, 6, 7, 8, 9, 10, 11, 12, 13, 14]
		},
		{
			"name": "strings",
			"origin": [0, 0, 0],
			"color": 0,
			"nbt": "{}",
			"armAnimationEnabled": false,
			"children": [15, 16, 17, 18, 19, 20]
		},
		{
			"name": "additional",
			"origin": [0, 0, 0],
			"color": 0,
			"nbt": "{}",
			"armAnimationEnabled": false,
			"children": [21, 22]
		},
		{
			"name": "keys",
			"origin": [0, 0, 0],
			"color": 0,
			"nbt": "{}",
			"armAnimationEnabled": false,
			"children": [23, 24, 25, 26, 27, 28]
		}
	]
}