{


"acoustic1":{"sounds":[{"name":"guitar/acoustic/1"}]},
"acoustic2":{"sounds":[{"name":"guitar/acoustic/2"}]},
"acoustic3":{"sounds":[{"name":"guitar/acoustic/3"}]},
"acoustic4":{"sounds":[{"name":"guitar/acoustic/4"}]},
"acoustic5":{"sounds":[{"name":"guitar/acoustic/5"}]},
"acoustic6":{"sounds":[{"name":"guitar/acoustic/6"}]},

"classical1":{"sounds":[{"name":"guitar/classical/1"}]},
"classical2":{"sounds":[{"name":"guitar/classical/2"}]},
"classical3":{"sounds":[{"name":"guitar/classical/3"}]},
"classical4":{"sounds":[{"name":"guitar/classical/4"}]},
"classical5":{"sounds":[{"name":"guitar/classical/5"}]},
"classical6":{"sounds":[{"name":"guitar/classical/6"}]},

"electric1":{"sounds":[{"name":"guitar/electric/1"}]},
"electric2":{"sounds":[{"name":"guitar/electric/2"}]},
"electric3":{"sounds":[{"name":"guitar/electric/3"}]},
"electric4":{"sounds":[{"name":"guitar/electric/4"}]},
"electric5":{"sounds":[{"name":"guitar/electric/5"}]},
"electric6":{"sounds":[{"name":"guitar/electric/6"}]}
}